t1,x,t2,y
-2.86E-02,2.79999995,-2.86E-02,599.999964237E-3
-2.86E-02,2.75999999,-2.86E-02,599.999964237E-3
-2.86E-02,2.75999999,-2.86E-02,599.999964237E-3
-2.85E-02,2.72000003,-2.85E-02,639.999985695E-3
-2.85E-02,2.75999999,-2.85E-02,599.999964237E-3
-2.85E-02,2.75999999,-2.85E-02,639.999985695E-3
-2.85E-02,2.72000003,-2.85E-02,639.999985695E-3
-2.85E-02,2.75999999,-2.85E-02,680.000007153E-3
-2.84E-02,2.75999999,-2.84E-02,680.000007153E-3
-2.84E-02,2.75999999,-2.84E-02,639.999985695E-3
-2.84E-02,2.75999999,-2.84E-02,639.999985695E-3
-2.84E-02,2.79999995,-2.84E-02,680.000007153E-3
-2.84E-02,2.72000003,-2.84E-02,719.999969006E-3
-2.83E-02,2.79999995,-2.83E-02,719.999969006E-3
-2.83E-02,2.79999995,-2.83E-02,719.999969006E-3
-2.83E-02,2.79999995,-2.83E-02,719.999969006E-3
-2.83E-02,2.79999995,-2.83E-02,719.999969006E-3
-2.83E-02,2.79999995,-2.83E-02,719.999969006E-3
-2.82E-02,2.79999995,-2.82E-02,719.999969006E-3
-2.82E-02,2.79999995,-2.82E-02,759.999990463E-3
-2.82E-02,2.79999995,-2.82E-02,759.999990463E-3
-2.82E-02,2.79999995,-2.82E-02,759.999990463E-3
-2.82E-02,2.79999995,-2.82E-02,759.999990463E-3
-2.81E-02,2.79999995,-2.81E-02,799.999952316E-3
-2.81E-02,2.83999991,-2.81E-02,799.999952316E-3
-2.81E-02,2.79999995,-2.81E-02,799.999952316E-3
-2.81E-02,2.79999995,-2.81E-02,839.999973774E-3
-2.81E-02,2.79999995,-2.81E-02,839.999973774E-3
-2.80E-02,2.79999995,-2.80E-02,839.999973774E-3
-2.80E-02,2.79999995,-2.80E-02,799.999952316E-3
-2.80E-02,2.83999991,-2.80E-02,839.999973774E-3
-2.80E-02,2.79999995,-2.80E-02,839.999973774E-3
-2.80E-02,2.79999995,-2.80E-02,879.999995232E-3
-2.79E-02,2.79999995,-2.79E-02,879.999995232E-3
-2.79E-02,2.87999988,-2.79E-02,839.999973774E-3
-2.79E-02,2.83999991,-2.79E-02,879.999995232E-3
-2.79E-02,2.79999995,-2.79E-02,919.999957085E-3
-2.79E-02,2.83999991,-2.79E-02,919.999957085E-3
-2.78E-02,2.83999991,-2.78E-02,919.999957085E-3
-2.78E-02,2.83999991,-2.78E-02,919.999957085E-3
-2.78E-02,2.87999988,-2.78E-02,959.999978542E-3
-2.78E-02,2.87999988,-2.78E-02,919.999957085E-3
-2.78E-02,2.83999991,-2.78E-02,959.999978542E-3
-2.77E-02,2.87999988,-2.77E-02,959.999978542E-3
-2.77E-02,2.79999995,-2.77E-02,919.999957085E-3
-2.77E-02,2.87999988,-2.77E-02,959.999978542E-3
-2.77E-02,2.87999988,-2.77E-02,959.999978542E-3
-2.77E-02,2.83999991,-2.77E-02,1.04
-2.76E-02,2.87999988,-2.76E-02,1
-2.76E-02,2.87999988,-2.76E-02,1
-2.76E-02,2.87999988,-2.76E-02,1.04
-2.76E-02,2.87999988,-2.76E-02,959.999978542E-3
-2.76E-02,2.87999988,-2.76E-02,1
-2.75E-02,2.87999988,-2.75E-02,1
-2.75E-02,2.91999984,-2.75E-02,1.04
-2.75E-02,2.87999988,-2.75E-02,1
-2.75E-02,2.87999988,-2.75E-02,1.04
-2.75E-02,2.87999988,-2.75E-02,1.04
-2.74E-02,2.91999984,-2.74E-02,1.04
-2.74E-02,2.87999988,-2.74E-02,1.04
-2.74E-02,2.91999984,-2.74E-02,1.04
-2.74E-02,2.96000004,-2.74E-02,1.04
-2.74E-02,2.91999984,-2.74E-02,1.04
-2.73E-02,2.91999984,-2.73E-02,1.04
-2.73E-02,2.87999988,-2.73E-02,1.04
-2.73E-02,2.87999988,-2.73E-02,1.04
-2.73E-02,2.91999984,-2.73E-02,1.0799999
-2.73E-02,2.91999984,-2.73E-02,1.0799999
-2.72E-02,2.91999984,-2.72E-02,1.0799999
-2.72E-02,2.96000004,-2.72E-02,1.04
-2.72E-02,2.96000004,-2.72E-02,1.04
-2.72E-02,2.91999984,-2.72E-02,1.0799999
-2.72E-02,2.91999984,-2.72E-02,1.0799999
-2.71E-02,2.96000004,-2.71E-02,1.0799999
-2.71E-02,2.96000004,-2.71E-02,1.0799999
-2.71E-02,3,-2.71E-02,1.0799999
-2.71E-02,2.96000004,-2.71E-02,1.0799999
-2.71E-02,2.96000004,-2.71E-02,1.12
-2.70E-02,2.96000004,-2.70E-02,1.0799999
-2.70E-02,2.91999984,-2.70E-02,1.0799999
-2.70E-02,2.96000004,-2.70E-02,1.0799999
-2.70E-02,2.96000004,-2.70E-02,1.04
-2.70E-02,3,-2.70E-02,1.04
-2.69E-02,2.96000004,-2.69E-02,1.12
-2.69E-02,2.96000004,-2.69E-02,1.0799999
-2.69E-02,3,-2.69E-02,1.0799999
-2.69E-02,3,-2.69E-02,1.0799999
-2.69E-02,2.96000004,-2.69E-02,1.04
-2.68E-02,2.96000004,-2.68E-02,1.0799999
-2.68E-02,3,-2.68E-02,1.0799999
-2.68E-02,3,-2.68E-02,1.0799999
-2.68E-02,2.96000004,-2.68E-02,1.0799999
-2.68E-02,3,-2.68E-02,1.0799999
-2.67E-02,3,-2.67E-02,1.0799999
-2.67E-02,3.03999996,-2.67E-02,1.04
-2.67E-02,3,-2.67E-02,1.0799999
-2.67E-02,3.03999996,-2.67E-02,1.04
-2.67E-02,3.03999996,-2.67E-02,1.0799999
-2.66E-02,3.03999996,-2.66E-02,1.04
-2.66E-02,3.03999996,-2.66E-02,1.04
-2.66E-02,3.03999996,-2.66E-02,1.0799999
-2.66E-02,3,-2.66E-02,1.04
-2.66E-02,3.03999996,-2.66E-02,1.04
-2.65E-02,3.03999996,-2.65E-02,1.04
-2.65E-02,3.03999996,-2.65E-02,1.0799999
-2.65E-02,3.03999996,-2.65E-02,1.04
-2.65E-02,3.03999996,-2.65E-02,1.04
-2.65E-02,3.03999996,-2.65E-02,1.04
-2.64E-02,3.03999996,-2.64E-02,1.04
-2.64E-02,3.03999996,-2.64E-02,1.04
-2.64E-02,3.03999996,-2.64E-02,1.04
-2.64E-02,3.03999996,-2.64E-02,1.04
-2.64E-02,3.07999992,-2.64E-02,1.04
-2.63E-02,3.07999992,-2.63E-02,1
-2.63E-02,3.07999992,-2.63E-02,1.04
-2.63E-02,3.07999992,-2.63E-02,1
-2.63E-02,3.07999992,-2.63E-02,1.04
-2.63E-02,3.07999992,-2.63E-02,1
-2.62E-02,3.07999992,-2.62E-02,1
-2.62E-02,3.11999989,-2.62E-02,1
-2.62E-02,3.07999992,-2.62E-02,1.04
-2.62E-02,3.07999992,-2.62E-02,1
-2.62E-02,3.03999996,-2.62E-02,1
-2.61E-02,3.07999992,-2.61E-02,1.04
-2.61E-02,3.07999992,-2.61E-02,1
-2.61E-02,3.07999992,-2.61E-02,1
-2.61E-02,3.07999992,-2.61E-02,1
-2.61E-02,3.07999992,-2.61E-02,1
-2.60E-02,3.07999992,-2.60E-02,1
-2.60E-02,3.11999989,-2.60E-02,1.04
-2.60E-02,3.07999992,-2.60E-02,1
-2.60E-02,3.11999989,-2.60E-02,1.04
-2.60E-02,3.11999989,-2.60E-02,1.04
-2.59E-02,3.11999989,-2.59E-02,1
-2.59E-02,3.11999989,-2.59E-02,1.04
-2.59E-02,3.07999992,-2.59E-02,1
-2.59E-02,3.11999989,-2.59E-02,1
-2.59E-02,3.15999985,-2.59E-02,1.04
-2.58E-02,3.11999989,-2.58E-02,1
-2.58E-02,3.11999989,-2.58E-02,1
-2.58E-02,3.15999985,-2.58E-02,1
-2.58E-02,3.15999985,-2.58E-02,1
-2.58E-02,3.15999985,-2.58E-02,1.04
-2.57E-02,3.11999989,-2.57E-02,1.04
-2.57E-02,3.11999989,-2.57E-02,1.04
-2.57E-02,3.11999989,-2.57E-02,1.04
-2.57E-02,3.19999981,-2.57E-02,1.04
-2.57E-02,3.15999985,-2.57E-02,1.04
-2.56E-02,3.15999985,-2.56E-02,1.04
-2.56E-02,3.15999985,-2.56E-02,1.04
-2.56E-02,3.19999981,-2.56E-02,1.04
-2.56E-02,3.19999981,-2.56E-02,1.04
-2.56E-02,3.15999985,-2.56E-02,1.04
-2.55E-02,3.19999981,-2.55E-02,1.04
-2.55E-02,3.19999981,-2.55E-02,1.0799999
-2.55E-02,3.19999981,-2.55E-02,1.0799999
-2.55E-02,3.19999981,-2.55E-02,1.04
-2.55E-02,3.15999985,-2.55E-02,1.0799999
-2.54E-02,3.19999981,-2.54E-02,1.0799999
-2.54E-02,3.19999981,-2.54E-02,1.12
-2.54E-02,3.19999981,-2.54E-02,1.12
-2.54E-02,3.15999985,-2.54E-02,1.12
-2.54E-02,3.19999981,-2.54E-02,1.12
-2.53E-02,3.24000001,-2.53E-02,1.12
-2.53E-02,3.19999981,-2.53E-02,1.12
-2.53E-02,3.19999981,-2.53E-02,1.12
-2.53E-02,3.19999981,-2.53E-02,1.16
-2.53E-02,3.19999981,-2.53E-02,1.12
-2.52E-02,3.24000001,-2.52E-02,1.16
-2.52E-02,3.24000001,-2.52E-02,1.16
-2.52E-02,3.19999981,-2.52E-02,1.16
-2.52E-02,3.24000001,-2.52E-02,1.1999999
-2.52E-02,3.24000001,-2.52E-02,1.16
-2.51E-02,3.27999997,-2.51E-02,1.1999999
-2.51E-02,3.19999981,-2.51E-02,1.1999999
-2.51E-02,3.24000001,-2.51E-02,1.1999999
-2.51E-02,3.24000001,-2.51E-02,1.24
-2.51E-02,3.27999997,-2.51E-02,1.24
-2.50E-02,3.24000001,-2.50E-02,1.28
-2.50E-02,3.19999981,-2.50E-02,1.28
-2.50E-02,3.27999997,-2.50E-02,1.28
-2.50E-02,3.27999997,-2.50E-02,1.28
-2.50E-02,3.27999997,-2.50E-02,1.3199999
-2.49E-02,3.27999997,-2.49E-02,1.3199999
-2.49E-02,3.27999997,-2.49E-02,1.3199999
-2.49E-02,3.27999997,-2.49E-02,1.3199999
-2.49E-02,3.27999997,-2.49E-02,1.36
-2.49E-02,3.27999997,-2.49E-02,1.36
-2.48E-02,3.27999997,-2.48E-02,1.36
-2.48E-02,3.27999997,-2.48E-02,1.4
-2.48E-02,3.27999997,-2.48E-02,1.4
-2.48E-02,3.24000001,-2.48E-02,1.4399999
-2.48E-02,3.27999997,-2.48E-02,1.4
-2.47E-02,3.27999997,-2.47E-02,1.4399999
-2.47E-02,3.3599999,-2.47E-02,1.4399999
-2.47E-02,3.27999997,-2.47E-02,1.48
-2.47E-02,3.31999993,-2.47E-02,1.48
-2.47E-02,3.31999993,-2.47E-02,1.48
-2.46E-02,3.31999993,-2.46E-02,1.52
-2.46E-02,3.31999993,-2.46E-02,1.52
-2.46E-02,3.3599999,-2.46E-02,1.52
-2.46E-02,3.31999993,-2.46E-02,1.5599999
-2.46E-02,3.3599999,-2.46E-02,1.5599999
-2.45E-02,3.3599999,-2.45E-02,1.5599999
-2.45E-02,3.31999993,-2.45E-02,1.5999999
-2.45E-02,3.31999993,-2.45E-02,1.5999999
-2.45E-02,3.3599999,-2.45E-02,1.5999999
-2.45E-02,3.3599999,-2.45E-02,1.64
-2.44E-02,3.31999993,-2.44E-02,1.64
-2.44E-02,3.31999993,-2.44E-02,1.6799999
-2.44E-02,3.31999993,-2.44E-02,1.6799999
-2.44E-02,3.27999997,-2.44E-02,1.6799999
-2.44E-02,3.3599999,-2.44E-02,1.6799999
-2.43E-02,3.3599999,-2.43E-02,1.6799999
-2.43E-02,3.31999993,-2.43E-02,1.7199999
-2.43E-02,3.3599999,-2.43E-02,1.76
-2.43E-02,3.3599999,-2.43E-02,1.76
-2.43E-02,3.3599999,-2.43E-02,1.76
-2.42E-02,3.39999986,-2.42E-02,1.76
-2.42E-02,3.39999986,-2.42E-02,1.76
-2.42E-02,3.39999986,-2.42E-02,1.76
-2.42E-02,3.39999986,-2.42E-02,1.8
-2.42E-02,3.3599999,-2.42E-02,1.8
-2.41E-02,3.3599999,-2.41E-02,1.8
-2.41E-02,3.39999986,-2.41E-02,1.8
-2.41E-02,3.39999986,-2.41E-02,1.8
-2.41E-02,3.39999986,-2.41E-02,1.8399999
-2.41E-02,3.3599999,-2.41E-02,1.8399999
-2.40E-02,3.3599999,-2.40E-02,1.88
-2.40E-02,3.3599999,-2.40E-02,1.88
-2.40E-02,3.39999986,-2.40E-02,1.8399999
-2.40E-02,3.39999986,-2.40E-02,1.88
-2.40E-02,3.39999986,-2.40E-02,1.88
-2.39E-02,3.39999986,-2.39E-02,1.88
-2.39E-02,3.39999986,-2.39E-02,1.92
-2.39E-02,3.43999982,-2.39E-02,1.88
-2.39E-02,3.43999982,-2.39E-02,1.88
-2.39E-02,3.43999982,-2.39E-02,1.88
-2.38E-02,3.39999986,-2.38E-02,1.92
-2.38E-02,3.39999986,-2.38E-02,1.92
-2.38E-02,3.43999982,-2.38E-02,1.92
-2.38E-02,3.48000002,-2.38E-02,1.92
-2.38E-02,3.43999982,-2.38E-02,1.92
-2.37E-02,3.39999986,-2.37E-02,1.9599999
-2.37E-02,3.43999982,-2.37E-02,1.9599999
-2.37E-02,3.48000002,-2.37E-02,1.92
-2.37E-02,3.48000002,-2.37E-02,1.92
-2.37E-02,3.39999986,-2.37E-02,1.9599999
-2.36E-02,3.43999982,-2.36E-02,1.9599999
-2.36E-02,3.43999982,-2.36E-02,1.9599999
-2.36E-02,3.48000002,-2.36E-02,1.9599999
-2.36E-02,3.48000002,-2.36E-02,1.92
-2.36E-02,3.48000002,-2.36E-02,1.92
-2.35E-02,3.48000002,-2.35E-02,1.9599999
-2.35E-02,3.48000002,-2.35E-02,1.88
-2.35E-02,3.48000002,-2.35E-02,1.92
-2.35E-02,3.48000002,-2.35E-02,1.92
-2.35E-02,3.43999982,-2.35E-02,1.92
-2.34E-02,3.48000002,-2.34E-02,1.92
-2.34E-02,3.48000002,-2.34E-02,1.92
-2.34E-02,3.48000002,-2.34E-02,1.92
-2.34E-02,3.48000002,-2.34E-02,1.92
-2.34E-02,3.48000002,-2.34E-02,1.88
-2.33E-02,3.48000002,-2.33E-02,1.92
-2.33E-02,3.48000002,-2.33E-02,1.92
-2.33E-02,3.48000002,-2.33E-02,1.88
-2.33E-02,3.51999998,-2.33E-02,1.88
-2.33E-02,3.48000002,-2.33E-02,1.92
-2.32E-02,3.51999998,-2.32E-02,1.88
-2.32E-02,3.51999998,-2.32E-02,1.8399999
-2.32E-02,3.51999998,-2.32E-02,1.88
-2.32E-02,3.55999994,-2.32E-02,1.88
-2.32E-02,3.51999998,-2.32E-02,1.88
-2.31E-02,3.48000002,-2.31E-02,1.88
-2.31E-02,3.55999994,-2.31E-02,1.8399999
-2.31E-02,3.48000002,-2.31E-02,1.88
-2.31E-02,3.51999998,-2.31E-02,1.8399999
-2.31E-02,3.55999994,-2.31E-02,1.8399999
-2.30E-02,3.51999998,-2.30E-02,1.8399999
-2.30E-02,3.55999994,-2.30E-02,1.8399999
-2.30E-02,3.55999994,-2.30E-02,1.8399999
-2.30E-02,3.51999998,-2.30E-02,1.8399999
-2.30E-02,3.55999994,-2.30E-02,1.8399999
-2.29E-02,3.51999998,-2.29E-02,1.8
-2.29E-02,3.55999994,-2.29E-02,1.8399999
-2.29E-02,3.55999994,-2.29E-02,1.8
-2.29E-02,3.5999999,-2.29E-02,1.8
-2.29E-02,3.55999994,-2.29E-02,1.8
-2.28E-02,3.55999994,-2.28E-02,1.8
-2.28E-02,3.55999994,-2.28E-02,1.8
-2.28E-02,3.55999994,-2.28E-02,1.8
-2.28E-02,3.55999994,-2.28E-02,1.8
-2.28E-02,3.55999994,-2.28E-02,1.8
-2.27E-02,3.55999994,-2.27E-02,1.8
-2.27E-02,3.55999994,-2.27E-02,1.76
-2.27E-02,3.55999994,-2.27E-02,1.76
-2.27E-02,3.5999999,-2.27E-02,1.76
-2.27E-02,3.55999994,-2.27E-02,1.76
-2.26E-02,3.5999999,-2.26E-02,1.76
-2.26E-02,3.55999994,-2.26E-02,1.76
-2.26E-02,3.5999999,-2.26E-02,1.76
-2.26E-02,3.63999987,-2.26E-02,1.76
-2.26E-02,3.5999999,-2.26E-02,1.7199999
-2.25E-02,3.63999987,-2.25E-02,1.7199999
-2.25E-02,3.5999999,-2.25E-02,1.7199999
-2.25E-02,3.5999999,-2.25E-02,1.7199999
-2.25E-02,3.63999987,-2.25E-02,1.7199999
-2.25E-02,3.63999987,-2.25E-02,1.7199999
-2.24E-02,3.63999987,-2.24E-02,1.7199999
-2.24E-02,3.5999999,-2.24E-02,1.76
-2.24E-02,3.5999999,-2.24E-02,1.6799999
-2.24E-02,3.63999987,-2.24E-02,1.76
-2.24E-02,3.63999987,-2.24E-02,1.7199999
-2.23E-02,3.5999999,-2.23E-02,1.76
-2.23E-02,3.63999987,-2.23E-02,1.76
-2.23E-02,3.63999987,-2.23E-02,1.7199999
-2.23E-02,3.63999987,-2.23E-02,1.7199999
-2.23E-02,3.5999999,-2.23E-02,1.7199999
-2.22E-02,3.63999987,-2.22E-02,1.76
-2.22E-02,3.63999987,-2.22E-02,1.76
-2.22E-02,3.67999983,-2.22E-02,1.76
-2.22E-02,3.67999983,-2.22E-02,1.7199999
-2.22E-02,3.67999983,-2.22E-02,1.76
-2.21E-02,3.63999987,-2.21E-02,1.76
-2.21E-02,3.67999983,-2.21E-02,1.76
-2.21E-02,3.67999983,-2.21E-02,1.76
-2.21E-02,3.67999983,-2.21E-02,1.76
-2.21E-02,3.67999983,-2.21E-02,1.76
-2.20E-02,3.67999983,-2.20E-02,1.76
-2.20E-02,3.67999983,-2.20E-02,1.76
-2.20E-02,3.67999983,-2.20E-02,1.76
-2.20E-02,3.67999983,-2.20E-02,1.76
-2.20E-02,3.67999983,-2.20E-02,1.76
-2.19E-02,3.67999983,-2.19E-02,1.8
-2.19E-02,3.67999983,-2.19E-02,1.8
-2.19E-02,3.72000003,-2.19E-02,1.76
-2.19E-02,3.72000003,-2.19E-02,1.8
-2.19E-02,3.72000003,-2.19E-02,1.8
-2.18E-02,3.67999983,-2.18E-02,1.8399999
-2.18E-02,3.67999983,-2.18E-02,1.88
-2.18E-02,3.72000003,-2.18E-02,1.8399999
-2.18E-02,3.72000003,-2.18E-02,1.88
-2.18E-02,3.75999999,-2.18E-02,1.88
-2.17E-02,3.67999983,-2.17E-02,1.88
-2.17E-02,3.67999983,-2.17E-02,1.92
-2.17E-02,3.72000003,-2.17E-02,1.92
-2.17E-02,3.72000003,-2.17E-02,1.92
-2.17E-02,3.67999983,-2.17E-02,1.9599999
-2.16E-02,3.75999999,-2.16E-02,1.9599999
-2.16E-02,3.75999999,-2.16E-02,1.9599999
-2.16E-02,3.75999999,-2.16E-02,1.9599999
-2.16E-02,3.67999983,-2.16E-02,2.04
-2.16E-02,3.72000003,-2.16E-02,2.04
-2.15E-02,3.75999999,-2.15E-02,2.04
-2.15E-02,3.72000003,-2.15E-02,2.0799999
-2.15E-02,3.72000003,-2.15E-02,2.1199999
-2.15E-02,3.72000003,-2.15E-02,2.0799999
-2.15E-02,3.75999999,-2.15E-02,2.1199999
-2.14E-02,3.79999995,-2.14E-02,2.1199999
-2.14E-02,3.75999999,-2.14E-02,2.1199999
-2.14E-02,3.75999999,-2.14E-02,2.1599998
-2.14E-02,3.75999999,-2.14E-02,2.1599998
-2.14E-02,3.75999999,-2.14E-02,2.1599998
-2.13E-02,3.75999999,-2.13E-02,2.2
-2.13E-02,3.75999999,-2.13E-02,2.24
-2.13E-02,3.75999999,-2.13E-02,2.2
-2.13E-02,3.75999999,-2.13E-02,2.24
-2.13E-02,3.75999999,-2.13E-02,2.28
-2.12E-02,3.75999999,-2.12E-02,2.3199999
-2.12E-02,3.79999995,-2.12E-02,2.3199999
-2.12E-02,3.79999995,-2.12E-02,2.3199999
-2.12E-02,3.79999995,-2.12E-02,2.3599999
-2.12E-02,3.79999995,-2.12E-02,2.3999999
-2.11E-02,3.79999995,-2.11E-02,2.3599999
-2.11E-02,3.75999999,-2.11E-02,2.4400001
-2.11E-02,3.79999995,-2.11E-02,2.4400001
-2.11E-02,3.79999995,-2.11E-02,2.4400001
-2.11E-02,3.79999995,-2.11E-02,2.52
-2.10E-02,3.83999991,-2.10E-02,2.52
-2.10E-02,3.79999995,-2.10E-02,2.52
-2.10E-02,3.79999995,-2.10E-02,2.52
-2.10E-02,3.83999991,-2.10E-02,2.5599999
-2.10E-02,3.83999991,-2.10E-02,2.5999999
-2.09E-02,3.79999995,-2.09E-02,2.5999999
-2.09E-02,3.79999995,-2.09E-02,2.6399999
-2.09E-02,3.83999991,-2.09E-02,2.6399999
-2.09E-02,3.79999995,-2.09E-02,2.6799998
-2.09E-02,3.83999991,-2.09E-02,2.6799998
-2.08E-02,3.83999991,-2.08E-02,2.6799998
-2.08E-02,3.87999988,-2.08E-02,2.6799998
-2.08E-02,3.83999991,-2.08E-02,2.75999999
-2.08E-02,3.83999991,-2.08E-02,2.75999999
-2.08E-02,3.83999991,-2.08E-02,2.79999995
-2.07E-02,3.83999991,-2.07E-02,2.79999995
-2.07E-02,3.87999988,-2.07E-02,2.79999995
-2.07E-02,3.83999991,-2.07E-02,2.79999995
-2.07E-02,3.83999991,-2.07E-02,2.83999991
-2.07E-02,3.91999984,-2.07E-02,2.83999991
-2.06E-02,3.87999988,-2.06E-02,2.83999991
-2.06E-02,3.83999991,-2.06E-02,2.87999988
-2.06E-02,3.83999991,-2.06E-02,2.91999984
-2.06E-02,3.87999988,-2.06E-02,2.91999984
-2.06E-02,3.87999988,-2.06E-02,2.91999984
-2.05E-02,3.91999984,-2.05E-02,2.87999988
-2.05E-02,3.87999988,-2.05E-02,2.91999984
-2.05E-02,3.87999988,-2.05E-02,2.91999984
-2.05E-02,3.91999984,-2.05E-02,2.96000004
-2.05E-02,3.91999984,-2.05E-02,2.96000004
-2.04E-02,3.87999988,-2.04E-02,3
-2.04E-02,3.87999988,-2.04E-02,3
-2.04E-02,3.91999984,-2.04E-02,3
-2.04E-02,3.87999988,-2.04E-02,3
-2.04E-02,3.91999984,-2.04E-02,3
-2.03E-02,3.91999984,-2.03E-02,3.03999996
-2.03E-02,3.91999984,-2.03E-02,3
-2.03E-02,3.9599998,-2.03E-02,3
-2.03E-02,3.87999988,-2.03E-02,3
-2.03E-02,3.91999984,-2.03E-02,3.07999992
-2.02E-02,3.91999984,-2.02E-02,3.03999996
-2.02E-02,4,-2.02E-02,3
-2.02E-02,3.9599998,-2.02E-02,3.03999996
-2.02E-02,3.9599998,-2.02E-02,3.03999996
-2.02E-02,3.9599998,-2.02E-02,3.03999996
-2.01E-02,3.91999984,-2.01E-02,3.07999992
-2.01E-02,3.9599998,-2.01E-02,3.07999992
-2.01E-02,3.9599998,-2.01E-02,3.03999996
-2.01E-02,3.91999984,-2.01E-02,3.07999992
-2.01E-02,3.9599998,-2.01E-02,3.03999996
-2.00E-02,3.9599998,-2.00E-02,3.07999992
-2.00E-02,3.9599998,-2.00E-02,3.07999992
-2.00E-02,3.9599998,-2.00E-02,3.03999996
-2.00E-02,4,-2.00E-02,3.03999996
-2.00E-02,3.9599998,-2.00E-02,3.03999996
-1.99E-02,3.9599998,-1.99E-02,3.03999996
-1.99E-02,3.9599998,-1.99E-02,3.03999996
-1.99E-02,3.9599998,-1.99E-02,3.03999996
-1.99E-02,3.9599998,-1.99E-02,3.03999996
-1.99E-02,4,-1.99E-02,3.03999996
-1.98E-02,4,-1.98E-02,3.03999996
-1.98E-02,4,-1.98E-02,3
-1.98E-02,4.03999996,-1.98E-02,3
-1.98E-02,4.03999996,-1.98E-02,2.96000004
-1.98E-02,4,-1.98E-02,3
-1.97E-02,4,-1.97E-02,3
-1.97E-02,4,-1.97E-02,3
-1.97E-02,4,-1.97E-02,2.96000004
-1.97E-02,4,-1.97E-02,3
-1.97E-02,4,-1.97E-02,2.96000004
-1.96E-02,4.03999996,-1.96E-02,2.96000004
-1.96E-02,4,-1.96E-02,3
-1.96E-02,4.03999996,-1.96E-02,2.91999984
-1.96E-02,4.03999996,-1.96E-02,2.91999984
-1.96E-02,4.03999996,-1.96E-02,2.91999984
-1.95E-02,4,-1.95E-02,2.91999984
-1.95E-02,4.03999996,-1.95E-02,2.87999988
-1.95E-02,4.07999992,-1.95E-02,2.87999988
-1.95E-02,4.07999992,-1.95E-02,2.87999988
-1.95E-02,4.03999996,-1.95E-02,2.91999984
-1.94E-02,4.07999992,-1.94E-02,2.87999988
-1.94E-02,4.03999996,-1.94E-02,2.83999991
-1.94E-02,4.03999996,-1.94E-02,2.83999991
-1.94E-02,4.03999996,-1.94E-02,2.83999991
-1.94E-02,4.03999996,-1.94E-02,2.83999991
-1.93E-02,4.03999996,-1.93E-02,2.83999991
-1.93E-02,4.03999996,-1.93E-02,2.79999995
-1.93E-02,4.07999992,-1.93E-02,2.79999995
-1.93E-02,4.07999992,-1.93E-02,2.79999995
-1.93E-02,4.03999996,-1.93E-02,2.79999995
-1.92E-02,4.07999992,-1.92E-02,2.79999995
-1.92E-02,4.07999992,-1.92E-02,2.79999995
-1.92E-02,4.11999989,-1.92E-02,2.79999995
-1.92E-02,4.11999989,-1.92E-02,2.75999999
-1.92E-02,4.07999992,-1.92E-02,2.75999999
-1.91E-02,4.11999989,-1.91E-02,2.75999999
-1.91E-02,4.03999996,-1.91E-02,2.75999999
-1.91E-02,4.07999992,-1.91E-02,2.75999999
-1.91E-02,4.07999992,-1.91E-02,2.75999999
-1.91E-02,4.11999989,-1.91E-02,2.72000003
-1.90E-02,4.11999989,-1.90E-02,2.72000003
-1.90E-02,4.11999989,-1.90E-02,2.72000003
-1.90E-02,4.11999989,-1.90E-02,2.72000003
-1.90E-02,4.07999992,-1.90E-02,2.6799998
-1.90E-02,4.11999989,-1.90E-02,2.6799998
-1.89E-02,4.15999985,-1.89E-02,2.6799998
-1.89E-02,4.11999989,-1.89E-02,2.6799998
-1.89E-02,4.11999989,-1.89E-02,2.6799998
-1.89E-02,4.11999989,-1.89E-02,2.6799998
-1.89E-02,4.11999989,-1.89E-02,2.6799998
-1.88E-02,4.11999989,-1.88E-02,2.6799998
-1.88E-02,4.15999985,-1.88E-02,2.6799998
-1.88E-02,4.11999989,-1.88E-02,2.6799998
-1.88E-02,4.11999989,-1.88E-02,2.6799998
-1.88E-02,4.15999985,-1.88E-02,2.6799998
-1.87E-02,4.11999989,-1.87E-02,2.6799998
-1.87E-02,4.15999985,-1.87E-02,2.6799998
-1.87E-02,4.15999985,-1.87E-02,2.6799998
-1.87E-02,4.15999985,-1.87E-02,2.6799998
-1.87E-02,4.15999985,-1.87E-02,2.6799998
-1.86E-02,4.15999985,-1.86E-02,2.6799998
-1.86E-02,4.15999985,-1.86E-02,2.72000003
-1.86E-02,4.15999985,-1.86E-02,2.72000003
-1.86E-02,4.19999981,-1.86E-02,2.72000003
-1.86E-02,4.15999985,-1.86E-02,2.6799998
-1.85E-02,4.15999985,-1.85E-02,2.6799998
-1.85E-02,4.19999981,-1.85E-02,2.72000003
-1.85E-02,4.19999981,-1.85E-02,2.72000003
-1.85E-02,4.19999981,-1.85E-02,2.72000003
-1.85E-02,4.19999981,-1.85E-02,2.75999999
-1.84E-02,4.19999981,-1.84E-02,2.72000003
-1.84E-02,4.15999985,-1.84E-02,2.75999999
-1.84E-02,4.15999985,-1.84E-02,2.75999999
-1.84E-02,4.23999977,-1.84E-02,2.75999999
-1.84E-02,4.19999981,-1.84E-02,2.75999999
-1.83E-02,4.19999981,-1.83E-02,2.79999995
-1.83E-02,4.19999981,-1.83E-02,2.79999995
-1.83E-02,4.23999977,-1.83E-02,2.83999991
-1.83E-02,4.23999977,-1.83E-02,2.79999995
-1.83E-02,4.27999973,-1.83E-02,2.83999991
-1.82E-02,4.19999981,-1.82E-02,2.83999991
-1.82E-02,4.19999981,-1.82E-02,2.83999991
-1.82E-02,4.19999981,-1.82E-02,2.91999984
-1.82E-02,4.23999977,-1.82E-02,2.87999988
-1.82E-02,4.19999981,-1.82E-02,2.91999984
-1.81E-02,4.23999977,-1.81E-02,2.91999984
-1.81E-02,4.19999981,-1.81E-02,2.96000004
-1.81E-02,4.19999981,-1.81E-02,2.96000004
-1.81E-02,4.23999977,-1.81E-02,3
-1.81E-02,4.27999973,-1.81E-02,3
-1.80E-02,4.23999977,-1.80E-02,3.03999996
-1.80E-02,4.23999977,-1.80E-02,3.03999996
-1.80E-02,4.23999977,-1.80E-02,3.07999992
-1.80E-02,4.27999973,-1.80E-02,3.07999992
-1.80E-02,4.23999977,-1.80E-02,3.11999989
-1.79E-02,4.27999973,-1.79E-02,3.15999985
-1.79E-02,4.27999973,-1.79E-02,3.11999989
-1.79E-02,4.27999973,-1.79E-02,3.15999985
-1.79E-02,4.19999981,-1.79E-02,3.24000001
-1.79E-02,4.27999973,-1.79E-02,3.19999981
-1.78E-02,4.27999973,-1.78E-02,3.24000001
-1.78E-02,4.27999973,-1.78E-02,3.27999997
-1.78E-02,4.27999973,-1.78E-02,3.27999997
-1.78E-02,4.27999973,-1.78E-02,3.31999993
-1.78E-02,4.27999973,-1.78E-02,3.3599999
-1.77E-02,4.27999973,-1.77E-02,3.39999986
-1.77E-02,4.31999969,-1.77E-02,3.3599999
-1.77E-02,4.27999973,-1.77E-02,3.39999986
-1.77E-02,4.31999969,-1.77E-02,3.43999982
-1.77E-02,4.31999969,-1.77E-02,3.43999982
-1.76E-02,4.27999973,-1.76E-02,3.48000002
-1.76E-02,4.27999973,-1.76E-02,3.55999994
-1.76E-02,4.27999973,-1.76E-02,3.51999998
-1.76E-02,4.31999969,-1.76E-02,3.55999994
-1.76E-02,4.31999969,-1.76E-02,3.55999994
-1.75E-02,4.31999969,-1.75E-02,3.5999999
-1.75E-02,4.31999969,-1.75E-02,3.63999987
-1.75E-02,4.31999969,-1.75E-02,3.67999983
-1.75E-02,4.31999969,-1.75E-02,3.67999983
-1.75E-02,4.36000013,-1.75E-02,3.67999983
-1.74E-02,4.31999969,-1.74E-02,3.75999999
-1.74E-02,4.27999973,-1.74E-02,3.75999999
-1.74E-02,4.31999969,-1.74E-02,3.79999995
-1.74E-02,4.31999969,-1.74E-02,3.79999995
-1.74E-02,4.36000013,-1.74E-02,3.83999991
-1.73E-02,4.31999969,-1.73E-02,3.83999991
-1.73E-02,4.31999969,-1.73E-02,3.87999988
-1.73E-02,4.4000001,-1.73E-02,3.87999988
-1.73E-02,4.36000013,-1.73E-02,3.91999984
-1.73E-02,4.4000001,-1.73E-02,3.9599998
-1.72E-02,4.36000013,-1.72E-02,3.9599998
-1.72E-02,4.4000001,-1.72E-02,3.9599998
-1.72E-02,4.4000001,-1.72E-02,3.9599998
-1.72E-02,4.36000013,-1.72E-02,4.03999996
-1.72E-02,4.36000013,-1.72E-02,4.03999996
-1.71E-02,4.36000013,-1.71E-02,4.07999992
-1.71E-02,4.36000013,-1.71E-02,4.07999992
-1.71E-02,4.36000013,-1.71E-02,4.11999989
-1.71E-02,4.4000001,-1.71E-02,4.11999989
-1.71E-02,4.4000001,-1.71E-02,4.11999989
-1.70E-02,4.36000013,-1.70E-02,4.15999985
-1.70E-02,4.4000001,-1.70E-02,4.19999981
-1.70E-02,4.36000013,-1.70E-02,4.19999981
-1.70E-02,4.4000001,-1.70E-02,4.19999981
-1.70E-02,4.4000001,-1.70E-02,4.19999981
-1.69E-02,4.4000001,-1.69E-02,4.19999981
-1.69E-02,4.4000001,-1.69E-02,4.23999977
-1.69E-02,4.4000001,-1.69E-02,4.23999977
-1.69E-02,4.44000006,-1.69E-02,4.27999973
-1.69E-02,4.44000006,-1.69E-02,4.31999969
-1.68E-02,4.4000001,-1.68E-02,4.27999973
-1.68E-02,4.4000001,-1.68E-02,4.31999969
-1.68E-02,4.48000002,-1.68E-02,4.31999969
-1.68E-02,4.44000006,-1.68E-02,4.31999969
-1.68E-02,4.44000006,-1.68E-02,4.31999969
-1.67E-02,4.44000006,-1.67E-02,4.31999969
-1.67E-02,4.44000006,-1.67E-02,4.36000013
-1.67E-02,4.44000006,-1.67E-02,4.31999969
-1.67E-02,4.44000006,-1.67E-02,4.36000013
-1.67E-02,4.48000002,-1.67E-02,4.31999969
-1.66E-02,4.48000002,-1.66E-02,4.31999969
-1.66E-02,4.48000002,-1.66E-02,4.36000013
-1.66E-02,4.48000002,-1.66E-02,4.36000013
-1.66E-02,4.48000002,-1.66E-02,4.36000013
-1.66E-02,4.44000006,-1.66E-02,4.4000001
-1.65E-02,4.44000006,-1.65E-02,4.4000001
-1.65E-02,4.48000002,-1.65E-02,4.4000001
-1.65E-02,4.48000002,-1.65E-02,4.36000013
-1.65E-02,4.48000002,-1.65E-02,4.4000001
-1.65E-02,4.48000002,-1.65E-02,4.36000013
-1.64E-02,4.44000006,-1.64E-02,4.4000001
-1.64E-02,4.51999998,-1.64E-02,4.36000013
-1.64E-02,4.44000006,-1.64E-02,4.36000013
-1.64E-02,4.48000002,-1.64E-02,4.4000001
-1.64E-02,4.48000002,-1.64E-02,4.36000013
-1.63E-02,4.48000002,-1.63E-02,4.36000013
-1.63E-02,4.48000002,-1.63E-02,4.36000013
-1.63E-02,4.48000002,-1.63E-02,4.36000013
-1.63E-02,4.48000002,-1.63E-02,4.31999969
-1.63E-02,4.48000002,-1.63E-02,4.31999969
-1.62E-02,4.51999998,-1.62E-02,4.31999969
-1.62E-02,4.55999994,-1.62E-02,4.27999973
-1.62E-02,4.51999998,-1.62E-02,4.31999969
-1.62E-02,4.48000002,-1.62E-02,4.31999969
-1.62E-02,4.48000002,-1.62E-02,4.27999973
-1.61E-02,4.48000002,-1.61E-02,4.31999969
-1.61E-02,4.48000002,-1.61E-02,4.31999969
-1.61E-02,4.55999994,-1.61E-02,4.27999973
-1.61E-02,4.51999998,-1.61E-02,4.27999973
-1.61E-02,4.51999998,-1.61E-02,4.23999977
-1.60E-02,4.55999994,-1.60E-02,4.27999973
-1.60E-02,4.51999998,-1.60E-02,4.23999977
-1.60E-02,4.51999998,-1.60E-02,4.23999977
-1.60E-02,4.55999994,-1.60E-02,4.19999981
-1.60E-02,4.55999994,-1.60E-02,4.19999981
-1.59E-02,4.55999994,-1.59E-02,4.19999981
-1.59E-02,4.51999998,-1.59E-02,4.19999981
-1.59E-02,4.55999994,-1.59E-02,4.15999985
-1.59E-02,4.55999994,-1.59E-02,4.19999981
-1.59E-02,4.51999998,-1.59E-02,4.15999985
-1.58E-02,4.55999994,-1.58E-02,4.15999985
-1.58E-02,4.55999994,-1.58E-02,4.15999985
-1.58E-02,4.5999999,-1.58E-02,4.11999989
-1.58E-02,4.55999994,-1.58E-02,4.11999989
-1.58E-02,4.55999994,-1.58E-02,4.07999992
-1.57E-02,4.55999994,-1.57E-02,4.11999989
-1.57E-02,4.51999998,-1.57E-02,4.11999989
-1.57E-02,4.55999994,-1.57E-02,4.07999992
-1.57E-02,4.55999994,-1.57E-02,4.07999992
-1.57E-02,4.5999999,-1.57E-02,4.03999996
-1.56E-02,4.55999994,-1.56E-02,4.03999996
-1.56E-02,4.5999999,-1.56E-02,4.03999996
-1.56E-02,4.5999999,-1.56E-02,4.03999996
-1.56E-02,4.63999987,-1.56E-02,4
-1.56E-02,4.5999999,-1.56E-02,4
-1.55E-02,4.5999999,-1.55E-02,3.9599998
-1.55E-02,4.5999999,-1.55E-02,4
-1.55E-02,4.5999999,-1.55E-02,4
-1.55E-02,4.63999987,-1.55E-02,3.9599998
-1.55E-02,4.67999983,-1.55E-02,3.9599998
-1.54E-02,4.63999987,-1.54E-02,3.9599998
-1.54E-02,4.5999999,-1.54E-02,3.9599998
-1.54E-02,4.63999987,-1.54E-02,3.91999984
-1.54E-02,4.63999987,-1.54E-02,3.9599998
-1.54E-02,4.63999987,-1.54E-02,3.91999984
-1.53E-02,4.63999987,-1.53E-02,3.91999984
-1.53E-02,4.67999983,-1.53E-02,3.91999984
-1.53E-02,4.63999987,-1.53E-02,3.9599998
-1.53E-02,4.63999987,-1.53E-02,3.91999984
-1.53E-02,4.67999983,-1.53E-02,3.91999984
-1.52E-02,4.63999987,-1.52E-02,3.91999984
-1.52E-02,4.67999983,-1.52E-02,3.91999984
-1.52E-02,4.67999983,-1.52E-02,3.87999988
-1.52E-02,4.67999983,-1.52E-02,3.91999984
-1.52E-02,4.63999987,-1.52E-02,3.91999984
-1.51E-02,4.67999983,-1.51E-02,3.9599998
-1.51E-02,4.67999983,-1.51E-02,3.87999988
-1.51E-02,4.67999983,-1.51E-02,3.91999984
-1.51E-02,4.67999983,-1.51E-02,3.91999984
-1.51E-02,4.67999983,-1.51E-02,3.91999984
-1.50E-02,4.67999983,-1.50E-02,3.91999984
-1.50E-02,4.67999983,-1.50E-02,3.91999984
-1.50E-02,4.67999983,-1.50E-02,3.91999984
-1.50E-02,4.71999979,-1.50E-02,3.9599998
-1.50E-02,4.67999983,-1.50E-02,3.9599998
-1.49E-02,4.67999983,-1.49E-02,3.9599998
-1.49E-02,4.71999979,-1.49E-02,3.9599998
-1.49E-02,4.67999983,-1.49E-02,3.9599998
-1.49E-02,4.71999979,-1.49E-02,3.9599998
-1.49E-02,4.67999983,-1.49E-02,3.9599998
-1.48E-02,4.67999983,-1.48E-02,4
-1.48E-02,4.67999983,-1.48E-02,4
-1.48E-02,4.67999983,-1.48E-02,4.03999996
-1.48E-02,4.71999979,-1.48E-02,4.03999996
-1.48E-02,4.71999979,-1.48E-02,4.07999992
-1.47E-02,4.67999983,-1.47E-02,4.07999992
-1.47E-02,4.71999979,-1.47E-02,4.07999992
-1.47E-02,4.75999975,-1.47E-02,4.07999992
-1.47E-02,4.75999975,-1.47E-02,4.07999992
-1.47E-02,4.71999979,-1.47E-02,4.11999989
-1.46E-02,4.71999979,-1.46E-02,4.15999985
-1.46E-02,4.75999975,-1.46E-02,4.15999985
-1.46E-02,4.67999983,-1.46E-02,4.19999981
-1.46E-02,4.75999975,-1.46E-02,4.19999981
-1.46E-02,4.75999975,-1.46E-02,4.23999977
-1.45E-02,4.71999979,-1.45E-02,4.23999977
-1.45E-02,4.75999975,-1.45E-02,4.23999977
-1.45E-02,4.79999971,-1.45E-02,4.23999977
-1.45E-02,4.75999975,-1.45E-02,4.31999969
-1.45E-02,4.75999975,-1.45E-02,4.31999969
-1.44E-02,4.79999971,-1.44E-02,4.31999969
-1.44E-02,4.75999975,-1.44E-02,4.4000001
-1.44E-02,4.75999975,-1.44E-02,4.4000001
-1.44E-02,4.75999975,-1.44E-02,4.44000006
-1.44E-02,4.75999975,-1.44E-02,4.44000006
-1.43E-02,4.79999971,-1.43E-02,4.48000002
-1.43E-02,4.79999971,-1.43E-02,4.51999998
-1.43E-02,4.79999971,-1.43E-02,4.55999994
-1.43E-02,4.75999975,-1.43E-02,4.5999999
-1.43E-02,4.75999975,-1.43E-02,4.5999999
-1.42E-02,4.83999968,-1.42E-02,4.5999999
-1.42E-02,4.79999971,-1.42E-02,4.63999987
-1.42E-02,4.79999971,-1.42E-02,4.71999979
-1.42E-02,4.75999975,-1.42E-02,4.71999979
-1.42E-02,4.79999971,-1.42E-02,4.75999975
-1.41E-02,4.79999971,-1.41E-02,4.79999971
-1.41E-02,4.75999975,-1.41E-02,4.83999968
-1.41E-02,4.79999971,-1.41E-02,4.83999968
-1.41E-02,4.83999968,-1.41E-02,4.88000011
-1.41E-02,4.79999971,-1.41E-02,4.88000011
-1.40E-02,4.83999968,-1.40E-02,4.88000011
-1.40E-02,4.83999968,-1.40E-02,4.92000008
-1.40E-02,4.79999971,-1.40E-02,5
-1.40E-02,4.83999968,-1.40E-02,5
-1.40E-02,4.83999968,-1.40E-02,5.03999996
-1.39E-02,4.79999971,-1.39E-02,5.07999992
-1.39E-02,4.79999971,-1.39E-02,5.11999989
-1.39E-02,4.83999968,-1.39E-02,5.11999989
-1.39E-02,4.88000011,-1.39E-02,5.19999981
-1.39E-02,4.79999971,-1.39E-02,5.19999981
-1.38E-02,4.83999968,-1.38E-02,5.23999977
-1.38E-02,4.83999968,-1.38E-02,5.23999977
-1.38E-02,4.83999968,-1.38E-02,5.27999973
-1.38E-02,4.83999968,-1.38E-02,5.35999966
-1.38E-02,4.83999968,-1.38E-02,5.35999966
-1.37E-02,4.88000011,-1.37E-02,5.35999966
-1.37E-02,4.88000011,-1.37E-02,5.4000001
-1.37E-02,4.88000011,-1.37E-02,5.48000002
-1.37E-02,4.88000011,-1.37E-02,5.48000002
-1.37E-02,4.88000011,-1.37E-02,5.48000002
-1.36E-02,4.92000008,-1.36E-02,5.51999998
-1.36E-02,4.88000011,-1.36E-02,5.55999994
-1.36E-02,4.83999968,-1.36E-02,5.5999999
-1.36E-02,4.88000011,-1.36E-02,5.5999999
-1.36E-02,4.88000011,-1.36E-02,5.63999987
-1.35E-02,4.83999968,-1.35E-02,5.67999983
-1.35E-02,4.88000011,-1.35E-02,5.67999983
-1.35E-02,4.92000008,-1.35E-02,5.71999979
-1.35E-02,4.88000011,-1.35E-02,5.75999975
-1.35E-02,4.88000011,-1.35E-02,5.79999971
-1.34E-02,4.92000008,-1.34E-02,5.79999971
-1.34E-02,4.92000008,-1.34E-02,5.79999971
-1.34E-02,4.88000011,-1.34E-02,5.83999968
-1.34E-02,4.92000008,-1.34E-02,5.87999964
-1.34E-02,4.92000008,-1.34E-02,5.87999964
-1.33E-02,4.92000008,-1.33E-02,5.92000008
-1.33E-02,4.92000008,-1.33E-02,5.92000008
-1.33E-02,4.92000008,-1.33E-02,5.92000008
-1.33E-02,4.92000008,-1.33E-02,5.96000004
-1.33E-02,4.92000008,-1.33E-02,5.92000008
-1.32E-02,4.92000008,-1.32E-02,5.96000004
-1.32E-02,4.92000008,-1.32E-02,6
-1.32E-02,4.92000008,-1.32E-02,6.03999996
-1.32E-02,4.96000004,-1.32E-02,6.03999996
-1.32E-02,4.96000004,-1.32E-02,6.03999996
-1.31E-02,4.92000008,-1.31E-02,6.03999996
-1.31E-02,4.92000008,-1.31E-02,6.07999992
-1.31E-02,4.92000008,-1.31E-02,6.07999992
-1.31E-02,5,-1.31E-02,6.07999992
-1.31E-02,4.92000008,-1.31E-02,6.07999992
-1.30E-02,4.96000004,-1.30E-02,6.11999989
-1.30E-02,4.96000004,-1.30E-02,6.07999992
-1.30E-02,4.92000008,-1.30E-02,6.11999989
-1.30E-02,4.96000004,-1.30E-02,6.15999985
-1.30E-02,4.96000004,-1.30E-02,6.11999989
-1.29E-02,5,-1.29E-02,6.11999989
-1.29E-02,4.96000004,-1.29E-02,6.15999985
-1.29E-02,4.96000004,-1.29E-02,6.15999985
-1.29E-02,4.96000004,-1.29E-02,6.11999989
-1.29E-02,5,-1.29E-02,6.11999989
-1.28E-02,5,-1.28E-02,6.15999985
-1.28E-02,4.96000004,-1.28E-02,6.15999985
-1.28E-02,5,-1.28E-02,6.11999989
-1.28E-02,5,-1.28E-02,6.15999985
-1.28E-02,5,-1.28E-02,6.15999985
-1.27E-02,5,-1.27E-02,6.11999989
-1.27E-02,5,-1.27E-02,6.11999989
-1.27E-02,5.03999996,-1.27E-02,6.11999989
-1.27E-02,5,-1.27E-02,6.11999989
-1.27E-02,5,-1.27E-02,6.07999992
-1.26E-02,5,-1.26E-02,6.11999989
-1.26E-02,5.03999996,-1.26E-02,6.07999992
-1.26E-02,5,-1.26E-02,6.11999989
-1.26E-02,5,-1.26E-02,6.07999992
-1.26E-02,5.03999996,-1.26E-02,6.03999996
-1.25E-02,5.03999996,-1.25E-02,6.07999992
-1.25E-02,5,-1.25E-02,6.07999992
-1.25E-02,5,-1.25E-02,6.03999996
-1.25E-02,5,-1.25E-02,6.03999996
-1.25E-02,5,-1.25E-02,6.03999996
-1.24E-02,5,-1.24E-02,6.03999996
-1.24E-02,5.07999992,-1.24E-02,6
-1.24E-02,5.07999992,-1.24E-02,5.96000004
-1.24E-02,5.03999996,-1.24E-02,6
-1.24E-02,5.07999992,-1.24E-02,5.96000004
-1.23E-02,5.03999996,-1.23E-02,6
-1.23E-02,5.07999992,-1.23E-02,6
-1.23E-02,5.07999992,-1.23E-02,5.96000004
-1.23E-02,5.03999996,-1.23E-02,5.92000008
-1.23E-02,5.03999996,-1.23E-02,5.96000004
-1.22E-02,5.07999992,-1.22E-02,5.92000008
-1.22E-02,5.07999992,-1.22E-02,5.92000008
-1.22E-02,5.07999992,-1.22E-02,5.92000008
-1.22E-02,5.07999992,-1.22E-02,5.92000008
-1.22E-02,5.07999992,-1.22E-02,5.87999964
-1.21E-02,5.11999989,-1.21E-02,5.87999964
-1.21E-02,5.07999992,-1.21E-02,5.83999968
-1.21E-02,5.11999989,-1.21E-02,5.87999964
-1.21E-02,5.11999989,-1.21E-02,5.79999971
-1.21E-02,5.07999992,-1.21E-02,5.83999968
-1.20E-02,5.07999992,-1.20E-02,5.83999968
-1.20E-02,5.07999992,-1.20E-02,5.79999971
-1.20E-02,5.07999992,-1.20E-02,5.79999971
-1.20E-02,4.19999981,-1.20E-02,5.79999971
-1.20E-02,3.19999981,-1.20E-02,5.79999971
-1.19E-02,2.6799998,-1.19E-02,5.79999971
-1.19E-02,2.0799999,-1.19E-02,5.71999979
-1.19E-02,1.64,-1.19E-02,5.71999979
-1.19E-02,1.3199999,-1.19E-02,5.67999983
-1.19E-02,1.04,-1.19E-02,5.63999987
-1.18E-02,8.80E-01,-1.18E-02,5.5999999
-1.18E-02,6.80E-01,-1.18E-02,5.63999987
-1.18E-02,5.20E-01,-1.18E-02,5.5999999
-1.18E-02,4.00E-01,-1.18E-02,5.51999998
-1.18E-02,3.60E-01,-1.18E-02,5.51999998
-1.17E-02,3.20E-01,-1.17E-02,5.48000002
-1.17E-02,2.40E-01,-1.17E-02,5.44000006
-1.17E-02,1.60E-01,-1.17E-02,5.4000001
-1.17E-02,1.20E-01,-1.17E-02,5.35999966
-1.17E-02,1.60E-01,-1.17E-02,5.31999969
-1.16E-02,1.20E-01,-1.16E-02,5.27999973
-1.16E-02,8.00E-02,-1.16E-02,5.23999977
-1.16E-02,8.00E-02,-1.16E-02,5.19999981
-1.16E-02,1.20E-01,-1.16E-02,5.15999985
-1.16E-02,8.00E-02,-1.16E-02,5.11999989
-1.15E-02,4.00E-02,-1.15E-02,5.07999992
-1.15E-02,4.00E-02,-1.15E-02,5.03999996
-1.15E-02,8.00E-02,-1.15E-02,4.96000004
-1.15E-02,8.00E-02,-1.15E-02,4.92000008
-1.15E-02,4.00E-02,-1.15E-02,4.88000011
-1.14E-02,4.00E-02,-1.14E-02,4.83999968
-1.14E-02,4.00E-02,-1.14E-02,4.83999968
-1.14E-02,8.00E-02,-1.14E-02,4.75999975
-1.14E-02,8.00E-02,-1.14E-02,4.67999983
-1.14E-02,8.00E-02,-1.14E-02,4.67999983
-1.13E-02,1.20E-01,-1.13E-02,4.5999999
-1.13E-02,4.00E-02,-1.13E-02,4.5999999
-1.13E-02,8.00E-02,-1.13E-02,4.55999994
-1.13E-02,8.00E-02,-1.13E-02,4.51999998
-1.13E-02,8.00E-02,-1.13E-02,4.4000001
-1.12E-02,8.00E-02,-1.12E-02,4.4000001
-1.12E-02,1.20E-01,-1.12E-02,4.31999969
-1.12E-02,1.20E-01,-1.12E-02,4.31999969
-1.12E-02,8.00E-02,-1.12E-02,4.27999973
-1.12E-02,8.00E-02,-1.12E-02,4.23999977
-1.11E-02,1.20E-01,-1.11E-02,4.15999985
-1.11E-02,1.20E-01,-1.11E-02,4.07999992
-1.11E-02,1.20E-01,-1.11E-02,4.07999992
-1.11E-02,1.20E-01,-1.11E-02,4.03999996
-1.11E-02,1.20E-01,-1.11E-02,4
-1.10E-02,1.20E-01,-1.10E-02,3.9599998
-1.10E-02,1.20E-01,-1.10E-02,3.87999988
-1.10E-02,1.20E-01,-1.10E-02,3.87999988
-1.10E-02,1.20E-01,-1.10E-02,3.79999995
-1.10E-02,8.00E-02,-1.10E-02,3.72000003
-1.09E-02,1.20E-01,-1.09E-02,3.72000003
-1.09E-02,1.20E-01,-1.09E-02,3.67999983
-1.09E-02,1.20E-01,-1.09E-02,3.63999987
-1.09E-02,1.60E-01,-1.09E-02,3.55999994
-1.09E-02,1.20E-01,-1.09E-02,3.51999998
-1.08E-02,1.20E-01,-1.08E-02,3.51999998
-1.08E-02,1.60E-01,-1.08E-02,3.43999982
-1.08E-02,2.00E-01,-1.08E-02,3.39999986
-1.08E-02,1.60E-01,-1.08E-02,3.39999986
-1.08E-02,1.60E-01,-1.08E-02,3.31999993
-1.07E-02,1.60E-01,-1.07E-02,3.27999997
-1.07E-02,1.60E-01,-1.07E-02,3.24000001
-1.07E-02,1.60E-01,-1.07E-02,3.24000001
-1.07E-02,1.60E-01,-1.07E-02,3.15999985
-1.07E-02,1.20E-01,-1.07E-02,3.15999985
-1.06E-02,2.00E-01,-1.06E-02,3.07999992
-1.06E-02,1.60E-01,-1.06E-02,3.03999996
-1.06E-02,2.00E-01,-1.06E-02,3.03999996
-1.06E-02,2.00E-01,-1.06E-02,2.96000004
-1.06E-02,2.00E-01,-1.06E-02,2.91999984
-1.05E-02,2.00E-01,-1.05E-02,2.91999984
-1.05E-02,1.60E-01,-1.05E-02,2.83999991
-1.05E-02,2.00E-01,-1.05E-02,2.79999995
-1.05E-02,1.60E-01,-1.05E-02,2.75999999
-1.05E-02,2.00E-01,-1.05E-02,2.72000003
-1.04E-02,2.40E-01,-1.04E-02,2.72000003
-1.04E-02,2.00E-01,-1.04E-02,2.6399999
-1.04E-02,2.40E-01,-1.04E-02,2.6399999
-1.04E-02,2.00E-01,-1.04E-02,2.5599999
-1.04E-02,1.60E-01,-1.04E-02,2.5599999
-1.03E-02,2.00E-01,-1.03E-02,2.52
-1.03E-02,2.40E-01,-1.03E-02,2.48
-1.03E-02,2.00E-01,-1.03E-02,2.4400001
-1.03E-02,2.40E-01,-1.03E-02,2.4400001
-1.03E-02,2.40E-01,-1.03E-02,2.3999999
-1.02E-02,2.40E-01,-1.02E-02,2.3199999
-1.02E-02,2.80E-01,-1.02E-02,2.3199999
-1.02E-02,2.00E-01,-1.02E-02,2.24
-1.02E-02,2.40E-01,-1.02E-02,2.24
-1.02E-02,2.40E-01,-1.02E-02,2.2
-1.01E-02,2.40E-01,-1.01E-02,2.2
-1.01E-02,2.80E-01,-1.01E-02,2.1199999
-1.01E-02,2.00E-01,-1.01E-02,2.1199999
-1.01E-02,2.40E-01,-1.01E-02,2.1199999
-1.01E-02,2.40E-01,-1.01E-02,2.0799999
-1.00E-02,2.80E-01,-1.00E-02,2.04
-1.00E-02,2.80E-01,-1.00E-02,2
-1.00E-02,2.80E-01,-1.00E-02,1.9599999
-9.98E-03,2.80E-01,-9.98E-03,1.9599999
-9.96E-03,2.40E-01,-9.96E-03,1.9599999
-9.94E-03,2.40E-01,-9.94E-03,1.88
-9.92E-03,2.80E-01,-9.92E-03,1.88
-9.90E-03,2.80E-01,-9.90E-03,1.8399999
-9.88E-03,2.40E-01,-9.88E-03,1.8399999
-9.86E-03,2.80E-01,-9.86E-03,1.8
-9.84E-03,3.20E-01,-9.84E-03,1.76
-9.82E-03,2.80E-01,-9.82E-03,1.76
-9.80E-03,2.80E-01,-9.80E-03,1.7199999
-9.78E-03,2.80E-01,-9.78E-03,1.6799999
-9.76E-03,2.80E-01,-9.76E-03,1.6799999
-9.74E-03,2.40E-01,-9.74E-03,1.64
-9.72E-03,2.80E-01,-9.72E-03,1.5999999
-9.70E-03,2.80E-01,-9.70E-03,1.5999999
-9.68E-03,3.20E-01,-9.68E-03,1.5599999
-9.66E-03,3.20E-01,-9.66E-03,1.5599999
-9.64E-03,3.20E-01,-9.64E-03,1.52
-9.62E-03,3.20E-01,-9.62E-03,1.48
-9.60E-03,3.20E-01,-9.60E-03,1.48
-9.58E-03,3.60E-01,-9.58E-03,1.4399999
-9.56E-03,3.60E-01,-9.56E-03,1.4399999
-9.54E-03,3.60E-01,-9.54E-03,1.4
-9.52E-03,3.60E-01,-9.52E-03,1.4
-9.50E-03,3.60E-01,-9.50E-03,1.36
-9.48E-03,3.20E-01,-9.48E-03,1.36
-9.46E-03,3.20E-01,-9.46E-03,1.36
-9.44E-03,3.20E-01,-9.44E-03,1.28
-9.42E-03,3.60E-01,-9.42E-03,1.3199999
-9.40E-03,3.20E-01,-9.40E-03,1.3199999
-9.38E-03,3.60E-01,-9.38E-03,1.24
-9.36E-03,3.60E-01,-9.36E-03,1.24
-9.34E-03,3.60E-01,-9.34E-03,1.24
-9.32E-03,3.60E-01,-9.32E-03,1.24
-9.30E-03,4.00E-01,-9.30E-03,1.16
-9.28E-03,3.60E-01,-9.28E-03,1.16
-9.26E-03,4.00E-01,-9.26E-03,1.12
-9.24E-03,4.00E-01,-9.24E-03,1.12
-9.22E-03,3.60E-01,-9.22E-03,1.0799999
-9.20E-03,3.60E-01,-9.20E-03,1.12
-9.18E-03,3.60E-01,-9.18E-03,1.12
-9.16E-03,4.00E-01,-9.16E-03,1.04
-9.14E-03,4.00E-01,-9.14E-03,1.04
-9.12E-03,4.00E-01,-9.12E-03,1.04
-9.10E-03,3.60E-01,-9.10E-03,1.04
-9.08E-03,4.00E-01,-9.08E-03,1
-9.06E-03,4.00E-01,-9.06E-03,959.999978542E-3
-9.04E-03,4.00E-01,-9.04E-03,959.999978542E-3
-9.02E-03,4.00E-01,-9.02E-03,959.999978542E-3
-9.00E-03,4.00E-01,-9.00E-03,959.999978542E-3
-8.98E-03,4.00E-01,-8.98E-03,919.999957085E-3
-8.96E-03,4.00E-01,-8.96E-03,919.999957085E-3
-8.94E-03,4.40E-01,-8.94E-03,879.999995232E-3
-8.92E-03,4.00E-01,-8.92E-03,879.999995232E-3
-8.90E-03,4.00E-01,-8.90E-03,879.999995232E-3
-8.88E-03,4.00E-01,-8.88E-03,839.999973774E-3
-8.86E-03,4.00E-01,-8.86E-03,839.999973774E-3
-8.84E-03,4.40E-01,-8.84E-03,839.999973774E-3
-8.82E-03,4.00E-01,-8.82E-03,839.999973774E-3
-8.80E-03,4.00E-01,-8.80E-03,839.999973774E-3
-8.78E-03,4.40E-01,-8.78E-03,759.999990463E-3
-8.76E-03,4.40E-01,-8.76E-03,759.999990463E-3
-8.74E-03,4.40E-01,-8.74E-03,759.999990463E-3
-8.72E-03,4.40E-01,-8.72E-03,759.999990463E-3
-8.70E-03,4.80E-01,-8.70E-03,759.999990463E-3
-8.68E-03,4.40E-01,-8.68E-03,719.999969006E-3
-8.66E-03,4.40E-01,-8.66E-03,719.999969006E-3
-8.64E-03,4.80E-01,-8.64E-03,719.999969006E-3
-8.62E-03,4.80E-01,-8.62E-03,719.999969006E-3
-8.60E-03,4.80E-01,-8.60E-03,719.999969006E-3
-8.58E-03,3.60E-01,-8.58E-03,639.999985695E-3
-8.56E-03,4.40E-01,-8.56E-03,680.000007153E-3
-8.54E-03,4.80E-01,-8.54E-03,639.999985695E-3
-8.52E-03,4.40E-01,-8.52E-03,680.000007153E-3
-8.50E-03,4.80E-01,-8.50E-03,639.999985695E-3
-8.48E-03,4.80E-01,-8.48E-03,639.999985695E-3
-8.46E-03,4.80E-01,-8.46E-03,599.999964237E-3
-8.44E-03,4.80E-01,-8.44E-03,599.999964237E-3
-8.42E-03,4.80E-01,-8.42E-03,599.999964237E-3
-8.40E-03,5.20E-01,-8.40E-03,599.999964237E-3
-8.38E-03,5.20E-01,-8.38E-03,560.000002384E-3
-8.36E-03,4.40E-01,-8.36E-03,599.999964237E-3
-8.34E-03,4.80E-01,-8.34E-03,560.000002384E-3
-8.32E-03,5.20E-01,-8.32E-03,560.000002384E-3
-8.30E-03,4.80E-01,-8.30E-03,519.999980927E-3
-8.28E-03,5.20E-01,-8.28E-03,560.000002384E-3
-8.26E-03,4.80E-01,-8.26E-03,560.000002384E-3
-8.24E-03,5.20E-01,-8.24E-03,519.999980927E-3
-8.22E-03,5.20E-01,-8.22E-03,519.999980927E-3
-8.20E-03,5.20E-01,-8.20E-03,519.999980927E-3
-8.18E-03,5.20E-01,-8.18E-03,519.999980927E-3
-8.16E-03,4.80E-01,-8.16E-03,519.999980927E-3
-8.14E-03,5.60E-01,-8.14E-03,479.999989271E-3
-8.12E-03,5.20E-01,-8.12E-03,479.999989271E-3
-8.10E-03,5.20E-01,-8.10E-03,479.999989271E-3
-8.08E-03,5.20E-01,-8.08E-03,479.999989271E-3
-8.06E-03,5.60E-01,-8.06E-03,439.999997616E-3
-8.04E-03,5.60E-01,-8.04E-03,479.999989271E-3
-8.02E-03,5.60E-01,-8.02E-03,439.999997616E-3
-8.00E-03,5.20E-01,-8.00E-03,439.999997616E-3
-7.98E-03,5.60E-01,-7.98E-03,439.999997616E-3
-7.96E-03,5.60E-01,-7.96E-03,439.999997616E-3
-7.94E-03,5.60E-01,-7.94E-03,439.999997616E-3
-7.92E-03,5.60E-01,-7.92E-03,399.99997616E-3
-7.90E-03,5.60E-01,-7.90E-03,399.99997616E-3
-7.88E-03,6.00E-01,-7.88E-03,399.99997616E-3
-7.86E-03,5.60E-01,-7.86E-03,399.99997616E-3
-7.84E-03,5.60E-01,-7.84E-03,399.99997616E-3
-7.82E-03,6.00E-01,-7.82E-03,359.99998450E-3
-7.80E-03,6.00E-01,-7.80E-03,359.99998450E-3
-7.78E-03,5.60E-01,-7.78E-03,439.999997616E-3
-7.76E-03,5.60E-01,-7.76E-03,399.99997616E-3
-7.74E-03,6.40E-01,-7.74E-03,359.99998450E-3
-7.72E-03,6.00E-01,-7.72E-03,359.99998450E-3
-7.70E-03,6.00E-01,-7.70E-03,359.99998450E-3
-7.68E-03,5.60E-01,-7.68E-03,319.99999285E-3
-7.66E-03,6.00E-01,-7.66E-03,359.99998450E-3
-7.64E-03,6.00E-01,-7.64E-03,359.99998450E-3
-7.62E-03,6.00E-01,-7.62E-03,359.99998450E-3
-7.60E-03,6.40E-01,-7.60E-03,319.99999285E-3
-7.58E-03,6.00E-01,-7.58E-03,319.99999285E-3
-7.56E-03,5.60E-01,-7.56E-03,280.00000119E-3
-7.54E-03,5.60E-01,-7.54E-03,319.99999285E-3
-7.52E-03,6.00E-01,-7.52E-03,319.99999285E-3
-7.50E-03,6.00E-01,-7.50E-03,319.99999285E-3
-7.48E-03,6.00E-01,-7.48E-03,319.99999285E-3
-7.46E-03,6.00E-01,-7.46E-03,280.00000119E-3
-7.44E-03,6.40E-01,-7.44E-03,280.00000119E-3
-7.42E-03,6.40E-01,-7.42E-03,319.99999285E-3
-7.40E-03,6.40E-01,-7.40E-03,280.00000119E-3
-7.38E-03,6.40E-01,-7.38E-03,280.00000119E-3
-7.36E-03,6.40E-01,-7.36E-03,280.00000119E-3
-7.34E-03,6.40E-01,-7.34E-03,280.00000119E-3
-7.32E-03,6.80E-01,-7.32E-03,239.99999464E-3
-7.30E-03,6.80E-01,-7.30E-03,239.99999464E-3
-7.28E-03,6.40E-01,-7.28E-03,239.99999464E-3
-7.26E-03,6.40E-01,-7.26E-03,280.00000119E-3
-7.24E-03,6.00E-01,-7.24E-03,280.00000119E-3
-7.22E-03,6.40E-01,-7.22E-03,239.99999464E-3
-7.20E-03,6.80E-01,-7.20E-03,239.99999464E-3
-7.18E-03,6.80E-01,-7.18E-03,239.99999464E-3
-7.16E-03,6.80E-01,-7.16E-03,239.99999464E-3
-7.14E-03,7.20E-01,-7.14E-03,239.99999464E-3
-7.12E-03,7.20E-01,-7.12E-03,239.99999464E-3
-7.10E-03,6.80E-01,-7.10E-03,239.99999464E-3
-7.08E-03,7.20E-01,-7.08E-03,239.99999464E-3
-7.06E-03,6.80E-01,-7.06E-03,239.99999464E-3
-7.04E-03,7.20E-01,-7.04E-03,239.99999464E-3
-7.02E-03,7.20E-01,-7.02E-03,239.99999464E-3
-7.00E-03,6.80E-01,-7.00E-03,239.99999464E-3
-6.98E-03,7.20E-01,-6.98E-03,199.99998808E-3
-6.96E-03,7.20E-01,-6.96E-03,199.99998808E-3
-6.94E-03,6.80E-01,-6.94E-03,199.99998808E-3
-6.92E-03,7.20E-01,-6.92E-03,199.99998808E-3
-6.90E-03,7.20E-01,-6.90E-03,199.99998808E-3
-6.88E-03,8.40E-01,-6.88E-03,239.99999464E-3
-6.86E-03,7.20E-01,-6.86E-03,159.99999642E-3
-6.84E-03,7.20E-01,-6.84E-03,199.99998808E-3
-6.82E-03,7.60E-01,-6.82E-03,199.99998808E-3
-6.80E-03,7.20E-01,-6.80E-03,159.99999642E-3
-6.78E-03,7.20E-01,-6.78E-03,159.99999642E-3
-6.76E-03,7.20E-01,-6.76E-03,199.99998808E-3
-6.74E-03,7.20E-01,-6.74E-03,159.99999642E-3
-6.72E-03,7.60E-01,-6.72E-03,159.99999642E-3
-6.70E-03,7.20E-01,-6.70E-03,159.99999642E-3
-6.68E-03,7.20E-01,-6.68E-03,199.99998808E-3
-6.66E-03,7.60E-01,-6.66E-03,159.99999642E-3
-6.64E-03,7.60E-01,-6.64E-03,159.99999642E-3
-6.62E-03,7.20E-01,-6.62E-03,159.99999642E-3
-6.60E-03,7.60E-01,-6.60E-03,199.99998808E-3
-6.58E-03,7.60E-01,-6.58E-03,159.99999642E-3
-6.56E-03,7.20E-01,-6.56E-03,159.99999642E-3
-6.54E-03,7.20E-01,-6.54E-03,159.99999642E-3
-6.52E-03,7.20E-01,-6.52E-03,199.99998808E-3
-6.50E-03,7.60E-01,-6.50E-03,159.99999642E-3
-6.48E-03,7.60E-01,-6.48E-03,159.99999642E-3
-6.46E-03,8.00E-01,-6.46E-03,159.99999642E-3
-6.44E-03,8.00E-01,-6.44E-03,119.9999973E-3
-6.42E-03,7.60E-01,-6.42E-03,159.99999642E-3
-6.40E-03,7.60E-01,-6.40E-03,159.99999642E-3
-6.38E-03,8.00E-01,-6.38E-03,119.9999973E-3
-6.36E-03,8.00E-01,-6.36E-03,159.99999642E-3
-6.34E-03,8.00E-01,-6.34E-03,159.99999642E-3
-6.32E-03,8.00E-01,-6.32E-03,159.99999642E-3
-6.30E-03,7.60E-01,-6.30E-03,159.99999642E-3
-6.28E-03,8.00E-01,-6.28E-03,119.9999973E-3
-6.26E-03,8.40E-01,-6.26E-03,119.9999973E-3
-6.24E-03,8.00E-01,-6.24E-03,119.9999973E-3
-6.22E-03,8.00E-01,-6.22E-03,119.9999973E-3
-6.20E-03,8.00E-01,-6.20E-03,119.9999973E-3
-6.18E-03,8.40E-01,-6.18E-03,159.99999642E-3
-6.16E-03,8.40E-01,-6.16E-03,119.9999973E-3
-6.14E-03,7.60E-01,-6.14E-03,159.99999642E-3
-6.12E-03,8.00E-01,-6.12E-03,159.99999642E-3
-6.10E-03,8.00E-01,-6.10E-03,119.9999973E-3
-6.08E-03,8.40E-01,-6.08E-03,119.9999973E-3
-6.06E-03,8.40E-01,-6.06E-03,79.999998212E-3
-6.04E-03,8.40E-01,-6.04E-03,119.9999973E-3
-6.02E-03,8.00E-01,-6.02E-03,159.99999642E-3
-6.00E-03,8.00E-01,-6.00E-03,159.99999642E-3
-5.98E-03,8.40E-01,-5.98E-03,119.9999973E-3
-5.96E-03,8.80E-01,-5.96E-03,119.9999973E-3
-5.94E-03,8.40E-01,-5.94E-03,119.9999973E-3
-5.92E-03,8.80E-01,-5.92E-03,119.9999973E-3
-5.90E-03,7.60E-01,-5.90E-03,119.9999973E-3
-5.88E-03,8.40E-01,-5.88E-03,119.9999973E-3
-5.86E-03,8.80E-01,-5.86E-03,119.9999973E-3
-5.84E-03,8.80E-01,-5.84E-03,79.999998212E-3
-5.82E-03,8.80E-01,-5.82E-03,119.9999973E-3
-5.80E-03,8.40E-01,-5.80E-03,79.999998212E-3
-5.78E-03,9.20E-01,-5.78E-03,79.999998212E-3
-5.76E-03,8.80E-01,-5.76E-03,79.999998212E-3
-5.74E-03,9.20E-01,-5.74E-03,79.999998212E-3
-5.72E-03,8.80E-01,-5.72E-03,119.9999973E-3
-5.70E-03,8.80E-01,-5.70E-03,119.9999973E-3
-5.68E-03,9.20E-01,-5.68E-03,119.9999973E-3
-5.66E-03,8.80E-01,-5.66E-03,119.9999973E-3
-5.64E-03,8.80E-01,-5.64E-03,79.999998212E-3
-5.62E-03,8.80E-01,-5.62E-03,119.9999973E-3
-5.60E-03,9.20E-01,-5.60E-03,79.999998212E-3
-5.58E-03,8.80E-01,-5.58E-03,119.9999973E-3
-5.56E-03,9.20E-01,-5.56E-03,79.999998212E-3
-5.54E-03,9.20E-01,-5.54E-03,119.9999973E-3
-5.52E-03,8.80E-01,-5.52E-03,79.999998212E-3
-5.50E-03,9.20E-01,-5.50E-03,79.999998212E-3
-5.48E-03,9.20E-01,-5.48E-03,79.999998212E-3
-5.46E-03,9.20E-01,-5.46E-03,79.999998212E-3
-5.44E-03,9.20E-01,-5.44E-03,79.999998212E-3
-5.42E-03,9.20E-01,-5.42E-03,79.999998212E-3
-5.40E-03,9.20E-01,-5.40E-03,119.9999973E-3
-5.38E-03,9.20E-01,-5.38E-03,79.999998212E-3
-5.36E-03,9.20E-01,-5.36E-03,119.9999973E-3
-5.34E-03,9.20E-01,-5.34E-03,79.999998212E-3
-5.32E-03,9.20E-01,-5.32E-03,79.999998212E-3
-5.30E-03,9.20E-01,-5.30E-03,79.999998212E-3
-5.28E-03,9.60E-01,-5.28E-03,79.999998212E-3
-5.26E-03,9.20E-01,-5.26E-03,79.999998212E-3
-5.24E-03,1,-5.24E-03,79.999998212E-3
-5.22E-03,9.60E-01,-5.22E-03,119.9999973E-3
-5.20E-03,9.60E-01,-5.20E-03,79.999998212E-3
-5.18E-03,9.60E-01,-5.18E-03,39.99999911E-3
-5.16E-03,9.60E-01,-5.16E-03,79.999998212E-3
-5.14E-03,9.20E-01,-5.14E-03,79.999998212E-3
-5.12E-03,9.60E-01,-5.12E-03,39.99999911E-3
-5.10E-03,1,-5.10E-03,79.999998212E-3
-5.08E-03,9.20E-01,-5.08E-03,79.999998212E-3
-5.06E-03,9.60E-01,-5.06E-03,119.9999973E-3
-5.04E-03,9.60E-01,-5.04E-03,79.999998212E-3
-5.02E-03,1,-5.02E-03,79.999998212E-3
-5.00E-03,9.60E-01,-5.00E-03,79.999998212E-3
-4.98E-03,1,-4.98E-03,79.999998212E-3
-4.96E-03,1,-4.96E-03,39.99999911E-3
-4.94E-03,9.60E-01,-4.94E-03,79.999998212E-3
-4.92E-03,1,-4.92E-03,79.999998212E-3
-4.90E-03,1,-4.90E-03,39.99999911E-3
-4.88E-03,1.04,-4.88E-03,79.999998212E-3
-4.86E-03,1,-4.86E-03,39.99999911E-3
-4.84E-03,1,-4.84E-03,79.999998212E-3
-4.82E-03,1.04,-4.82E-03,79.999998212E-3
-4.80E-03,1,-4.80E-03,39.99999911E-3
-4.78E-03,1,-4.78E-03,79.999998212E-3
-4.76E-03,1,-4.76E-03,119.9999973E-3
-4.74E-03,1.04,-4.74E-03,79.999998212E-3
-4.72E-03,1.04,-4.72E-03,39.99999911E-3
-4.70E-03,1.0799999,-4.70E-03,79.999998212E-3
-4.68E-03,1.04,-4.68E-03,39.99999911E-3
-4.66E-03,1.04,-4.66E-03,79.999998212E-3
-4.64E-03,1.04,-4.64E-03,79.999998212E-3
-4.62E-03,1.0799999,-4.62E-03,39.99999911E-3
-4.60E-03,1.04,-4.60E-03,39.99999911E-3
-4.58E-03,1.0799999,-4.58E-03,39.99999911E-3
-4.56E-03,1.04,-4.56E-03,79.999998212E-3
-4.54E-03,1.04,-4.54E-03,39.99999911E-3
-4.52E-03,1.0799999,-4.52E-03,39.99999911E-3
-4.50E-03,1.0799999,-4.50E-03,79.999998212E-3
-4.48E-03,1.04,-4.48E-03,79.999998212E-3
-4.46E-03,1.04,-4.46E-03,79.999998212E-3
-4.44E-03,1.0799999,-4.44E-03,79.999998212E-3
-4.42E-03,1.0799999,-4.42E-03,39.99999911E-3
-4.40E-03,1.04,-4.40E-03,39.99999911E-3
-4.38E-03,1.0799999,-4.38E-03,39.99999911E-3
-4.36E-03,1.0799999,-4.36E-03,79.999998212E-3
-4.34E-03,1.0799999,-4.34E-03,39.99999911E-3
-4.32E-03,1.0799999,-4.32E-03,79.999998212E-3
-4.30E-03,1.0799999,-4.30E-03,79.999998212E-3
-4.28E-03,1.0799999,-4.28E-03,79.999998212E-3
-4.26E-03,1.0799999,-4.26E-03,79.999998212E-3
-4.24E-03,1.0799999,-4.24E-03,79.999998212E-3
-4.22E-03,1.0799999,-4.22E-03,79.999998212E-3
-4.20E-03,1.12,-4.20E-03,39.99999911E-3
-4.18E-03,1.12,-4.18E-03,79.999998212E-3
-4.16E-03,1.12,-4.16E-03,39.99999911E-3
-4.14E-03,1.12,-4.14E-03,79.999998212E-3
-4.12E-03,1.12,-4.12E-03,39.99999911E-3
-4.10E-03,1.0799999,-4.10E-03,119.9999973E-3
-4.08E-03,1.0799999,-4.08E-03,79.999998212E-3
-4.06E-03,1.0799999,-4.06E-03,79.999998212E-3
-4.04E-03,1.12,-4.04E-03,79.999998212E-3
-4.02E-03,1.12,-4.02E-03,79.999998212E-3
-4.00E-03,1.12,-4.00E-03,79.999998212E-3
-3.98E-03,1.12,-3.98E-03,39.99999911E-3
-3.96E-03,1.12,-3.96E-03,79.999998212E-3
-3.94E-03,1.12,-3.94E-03,79.999998212E-3
-3.92E-03,1.16,-3.92E-03,39.99999911E-3
-3.90E-03,1.16,-3.90E-03,39.99999911E-3
-3.88E-03,1.16,-3.88E-03,39.99999911E-3
-3.86E-03,1.16,-3.86E-03,79.999998212E-3
-3.84E-03,1.16,-3.84E-03,79.999998212E-3
-3.82E-03,1.12,-3.82E-03,39.99999911E-3
-3.80E-03,1.12,-3.80E-03,79.999998212E-3
-3.78E-03,1.16,-3.78E-03,39.99999911E-3
-3.76E-03,1.12,-3.76E-03,79.999998212E-3
-3.74E-03,1.16,-3.74E-03,39.99999911E-3
-3.72E-03,1.12,-3.72E-03,79.999998212E-3
-3.70E-03,1.16,-3.70E-03,79.999998212E-3
-3.68E-03,1.1999999,-3.68E-03,39.99999911E-3
-3.66E-03,1.16,-3.66E-03,79.999998212E-3
-3.64E-03,1.1999999,-3.64E-03,79.999998212E-3
-3.62E-03,1.16,-3.62E-03,39.99999911E-3
-3.60E-03,1.1999999,-3.60E-03,39.99999911E-3
-3.58E-03,1.1999999,-3.58E-03,39.99999911E-3
-3.56E-03,1.16,-3.56E-03,39.99999911E-3
-3.54E-03,1.1999999,-3.54E-03,79.999998212E-3
-3.52E-03,1.1999999,-3.52E-03,39.99999911E-3
-3.50E-03,1.24,-3.50E-03,39.99999911E-3
-3.48E-03,1.1999999,-3.48E-03,79.999998212E-3
-3.46E-03,1.16,-3.46E-03,39.99999911E-3
-3.44E-03,1.1999999,-3.44E-03,79.999998212E-3
-3.42E-03,1.1999999,-3.42E-03,39.99999911E-3
-3.40E-03,1.1999999,-3.40E-03,39.99999911E-3
-3.38E-03,1.1999999,-3.38E-03,39.99999911E-3
-3.36E-03,1.24,-3.36E-03,39.99999911E-3
-3.34E-03,1.16,-3.34E-03,0
-3.32E-03,1.28,-3.32E-03,39.99999911E-3
-3.30E-03,1.24,-3.30E-03,39.99999911E-3
-3.28E-03,1.1999999,-3.28E-03,39.99999911E-3
-3.26E-03,1.24,-3.26E-03,39.99999911E-3
-3.24E-03,1.24,-3.24E-03,79.999998212E-3
-3.22E-03,1.1999999,-3.22E-03,79.999998212E-3
-3.20E-03,1.28,-3.20E-03,39.99999911E-3
-3.18E-03,1.1999999,-3.18E-03,39.99999911E-3
-3.16E-03,1.24,-3.16E-03,39.99999911E-3
-3.14E-03,1.24,-3.14E-03,79.999998212E-3
-3.12E-03,1.24,-3.12E-03,39.99999911E-3
-3.10E-03,1.28,-3.10E-03,39.99999911E-3
-3.08E-03,1.24,-3.08E-03,39.99999911E-3
-3.06E-03,1.24,-3.06E-03,79.999998212E-3
-3.04E-03,1.24,-3.04E-03,39.99999911E-3
-3.02E-03,1.28,-3.02E-03,39.99999911E-3
-3.00E-03,1.28,-3.00E-03,39.99999911E-3
-2.98E-03,1.28,-2.98E-03,39.99999911E-3
-2.96E-03,1.28,-2.96E-03,39.99999911E-3
-2.94E-03,1.24,-2.94E-03,39.99999911E-3
-2.92E-03,1.28,-2.92E-03,79.999998212E-3
-2.90E-03,1.3199999,-2.90E-03,39.99999911E-3
-2.88E-03,1.3199999,-2.88E-03,79.999998212E-3
-2.86E-03,1.28,-2.86E-03,39.99999911E-3
-2.84E-03,1.28,-2.84E-03,79.999998212E-3
-2.82E-03,1.28,-2.82E-03,79.999998212E-3
-2.80E-03,1.3199999,-2.80E-03,39.99999911E-3
-2.78E-03,1.28,-2.78E-03,79.999998212E-3
-2.76E-03,1.4,-2.76E-03,79.999998212E-3
-2.74E-03,1.28,-2.74E-03,79.999998212E-3
-2.72E-03,1.3199999,-2.72E-03,39.99999911E-3
-2.70E-03,1.3199999,-2.70E-03,79.999998212E-3
-2.68E-03,1.3199999,-2.68E-03,39.99999911E-3
-2.66E-03,1.3199999,-2.66E-03,79.999998212E-3
-2.64E-03,1.3199999,-2.64E-03,39.99999911E-3
-2.62E-03,1.3199999,-2.62E-03,39.99999911E-3
-2.60E-03,1.3199999,-2.60E-03,79.999998212E-3
-2.58E-03,1.3199999,-2.58E-03,79.999998212E-3
-2.56E-03,1.3199999,-2.56E-03,39.99999911E-3
-2.54E-03,1.36,-2.54E-03,39.99999911E-3
-2.52E-03,1.3199999,-2.52E-03,39.99999911E-3
-2.50E-03,1.3199999,-2.50E-03,39.99999911E-3
-2.48E-03,1.3199999,-2.48E-03,39.99999911E-3
-2.46E-03,1.36,-2.46E-03,39.99999911E-3
-2.44E-03,1.3199999,-2.44E-03,39.99999911E-3
-2.42E-03,1.3199999,-2.42E-03,79.999998212E-3
-2.40E-03,1.36,-2.40E-03,39.99999911E-3
-2.38E-03,1.4,-2.38E-03,39.99999911E-3
-2.36E-03,1.36,-2.36E-03,39.99999911E-3
-2.34E-03,1.3199999,-2.34E-03,39.99999911E-3
-2.32E-03,1.36,-2.32E-03,39.99999911E-3
-2.30E-03,1.4,-2.30E-03,79.999998212E-3
-2.28E-03,1.4,-2.28E-03,39.99999911E-3
-2.26E-03,1.3199999,-2.26E-03,39.99999911E-3
-2.24E-03,1.4,-2.24E-03,79.999998212E-3
-2.22E-03,1.4,-2.22E-03,39.99999911E-3
-2.20E-03,1.4,-2.20E-03,39.99999911E-3
-2.18E-03,1.36,-2.18E-03,39.99999911E-3
-2.16E-03,1.4,-2.16E-03,39.99999911E-3
-2.14E-03,1.4,-2.14E-03,39.99999911E-3
-2.12E-03,1.4,-2.12E-03,39.99999911E-3
-2.10E-03,1.4,-2.10E-03,39.99999911E-3
-2.08E-03,1.4,-2.08E-03,39.99999911E-3
-2.06E-03,1.36,-2.06E-03,79.999998212E-3
-2.04E-03,1.4,-2.04E-03,39.99999911E-3
-2.02E-03,1.4,-2.02E-03,39.99999911E-3
-2.00E-03,1.4,-2.00E-03,39.99999911E-3
-1.98E-03,1.4,-1.98E-03,39.99999911E-3
-1.96E-03,1.4399999,-1.96E-03,39.99999911E-3
-1.94E-03,1.4399999,-1.94E-03,39.99999911E-3
-1.92E-03,1.4399999,-1.92E-03,39.99999911E-3
-1.90E-03,1.4,-1.90E-03,39.99999911E-3
-1.88E-03,1.4399999,-1.88E-03,39.99999911E-3
-1.86E-03,1.4399999,-1.86E-03,39.99999911E-3
-1.84E-03,1.4399999,-1.84E-03,39.99999911E-3
-1.82E-03,1.4399999,-1.82E-03,39.99999911E-3
-1.80E-03,1.48,-1.80E-03,39.99999911E-3
-1.78E-03,1.4399999,-1.78E-03,39.99999911E-3
-1.76E-03,1.4399999,-1.76E-03,39.99999911E-3
-1.74E-03,1.4399999,-1.74E-03,39.99999911E-3
-1.72E-03,1.4399999,-1.72E-03,39.99999911E-3
-1.70E-03,1.4399999,-1.70E-03,39.99999911E-3
-1.68E-03,1.4399999,-1.68E-03,39.99999911E-3
-1.66E-03,1.48,-1.66E-03,39.99999911E-3
-1.64E-03,1.48,-1.64E-03,39.99999911E-3
-1.62E-03,1.48,-1.62E-03,39.99999911E-3
-1.60E-03,1.4399999,-1.60E-03,39.99999911E-3
-1.58E-03,1.48,-1.58E-03,39.99999911E-3
-1.56E-03,1.4399999,-1.56E-03,39.99999911E-3
-1.54E-03,1.4399999,-1.54E-03,39.99999911E-3
-1.52E-03,1.4399999,-1.52E-03,39.99999911E-3
-1.50E-03,1.4399999,-1.50E-03,39.99999911E-3
-1.48E-03,1.4399999,-1.48E-03,39.99999911E-3
-1.46E-03,1.5599999,-1.46E-03,39.99999911E-3
-1.44E-03,1.48,-1.44E-03,39.99999911E-3
-1.42E-03,1.48,-1.42E-03,0
-1.40E-03,1.48,-1.40E-03,39.99999911E-3
-1.38E-03,1.48,-1.38E-03,39.99999911E-3
-1.36E-03,1.52,-1.36E-03,39.99999911E-3
-1.34E-03,1.48,-1.34E-03,39.99999911E-3
-1.32E-03,1.48,-1.32E-03,39.99999911E-3
-1.30E-03,1.48,-1.30E-03,39.99999911E-3
-1.28E-03,1.52,-1.28E-03,39.99999911E-3
-1.26E-03,1.52,-1.26E-03,39.99999911E-3
-1.24E-03,1.48,-1.24E-03,79.999998212E-3
-1.22E-03,1.48,-1.22E-03,79.999998212E-3
-1.20E-03,1.48,-1.20E-03,39.99999911E-3
-1.18E-03,1.5599999,-1.18E-03,39.99999911E-3
-1.16E-03,1.52,-1.16E-03,39.99999911E-3
-1.14E-03,1.5599999,-1.14E-03,39.99999911E-3
-1.12E-03,1.5599999,-1.12E-03,39.99999911E-3
-1.10E-03,1.52,-1.10E-03,39.99999911E-3
-1.08E-03,1.52,-1.08E-03,39.99999911E-3
-1.06E-03,1.5599999,-1.06E-03,39.99999911E-3
-1.04E-03,1.52,-1.04E-03,39.99999911E-3
-1.02E-03,1.5599999,-1.02E-03,39.99999911E-3
-1.00E-03,1.5599999,-1.00E-03,39.99999911E-3
-9.80E-04,1.5599999,-9.80E-04,0
-9.60E-04,1.5599999,-9.60E-04,39.99999911E-3
-9.40E-04,1.5599999,-9.40E-04,39.99999911E-3
-9.20E-04,1.5599999,-9.20E-04,39.99999911E-3
-9.00E-04,1.5599999,-9.00E-04,39.99999911E-3
-8.80E-04,1.5999999,-8.80E-04,39.99999911E-3
-8.60E-04,1.5599999,-8.60E-04,39.99999911E-3
-8.40E-04,1.5999999,-8.40E-04,0
-8.20E-04,1.5599999,-8.20E-04,39.99999911E-3
-8.00E-04,1.5599999,-8.00E-04,39.99999911E-3
-7.80E-04,1.5599999,-7.80E-04,79.999998212E-3
-7.60E-04,1.5999999,-7.60E-04,39.99999911E-3
-7.40E-04,1.5599999,-7.40E-04,39.99999911E-3
-7.20E-04,1.5999999,-7.20E-04,39.99999911E-3
-7.00E-04,1.5999999,-7.00E-04,0
-6.80E-04,1.64,-6.80E-04,39.99999911E-3
-6.60E-04,1.5999999,-6.60E-04,39.99999911E-3
-6.40E-04,1.5999999,-6.40E-04,39.99999911E-3
-6.20E-04,1.5599999,-6.20E-04,39.99999911E-3
-6.00E-04,1.5599999,-6.00E-04,39.99999911E-3
-5.80E-04,1.5599999,-5.80E-04,39.99999911E-3
-5.60E-04,1.64,-5.60E-04,39.99999911E-3
-5.40E-04,1.64,-5.40E-04,39.99999911E-3
-5.20E-04,1.5999999,-5.20E-04,39.99999911E-3
-5.00E-04,1.64,-5.00E-04,39.99999911E-3
-4.80E-04,1.64,-4.80E-04,39.99999911E-3
-4.60E-04,1.5999999,-4.60E-04,39.99999911E-3
-4.40E-04,1.5999999,-4.40E-04,79.999998212E-3
-4.20E-04,1.64,-4.20E-04,39.99999911E-3
-4.00E-04,1.5999999,-4.00E-04,39.99999911E-3
-3.80E-04,1.64,-3.80E-04,39.99999911E-3
-3.60E-04,1.64,-3.60E-04,79.999998212E-3
-3.40E-04,1.6799999,-3.40E-04,39.99999911E-3
-3.20E-04,1.64,-3.20E-04,39.99999911E-3
-3.00E-04,1.64,-3.00E-04,39.99999911E-3
-2.80E-04,1.5999999,-2.80E-04,39.99999911E-3
-2.60E-04,1.6799999,-2.60E-04,79.999998212E-3
-2.40E-04,1.6799999,-2.40E-04,39.99999911E-3
-2.20E-04,1.64,-2.20E-04,79.999998212E-3
-2.00E-04,1.64,-2.00E-04,39.99999911E-3
-1.80E-04,1.6799999,-1.80E-04,39.99999911E-3
-1.60E-04,1.6799999,-1.60E-04,79.999998212E-3
-1.40E-04,1.64,-1.40E-04,39.99999911E-3
-1.20E-04,1.6799999,-1.20E-04,39.99999911E-3
-1.00E-04,1.64,-1.00E-04,39.99999911E-3
-8.00E-05,1.6799999,-8.00E-05,39.99999911E-3
-6.00E-05,1.7199999,-6.00E-05,39.99999911E-3
-4.00E-05,1.6799999,-4.00E-05,39.99999911E-3
-2.00E-05,1.7199999,-2.00E-05,39.99999911E-3
-5.68E-10,1.6799999,-5.68E-10,39.99999911E-3
2.00E-05,1.6799999,2.00E-05,39.99999911E-3
4.00E-05,1.6799999,4.00E-05,79.999998212E-3
6.00E-05,1.6799999,6.00E-05,79.999998212E-3
8.00E-05,1.7199999,8.00E-05,39.99999911E-3
1.00E-04,1.6799999,1.00E-04,39.99999911E-3
1.20E-04,1.6799999,1.20E-04,39.99999911E-3
1.40E-04,1.7199999,1.40E-04,39.99999911E-3
1.60E-04,1.7199999,1.60E-04,39.99999911E-3
1.80E-04,1.7199999,1.80E-04,39.99999911E-3
2.00E-04,1.7199999,2.00E-04,79.999998212E-3
2.20E-04,1.7199999,2.20E-04,39.99999911E-3
2.40E-04,1.7199999,2.40E-04,39.99999911E-3
2.60E-04,1.76,2.60E-04,39.99999911E-3
2.80E-04,1.7199999,2.80E-04,39.99999911E-3
3.00E-04,1.7199999,3.00E-04,39.99999911E-3
3.20E-04,1.7199999,3.20E-04,39.99999911E-3
3.40E-04,1.7199999,3.40E-04,79.999998212E-3
3.60E-04,1.7199999,3.60E-04,79.999998212E-3
3.80E-04,1.7199999,3.80E-04,39.99999911E-3
4.00E-04,1.8,4.00E-04,0
4.20E-04,1.76,4.20E-04,79.999998212E-3
4.40E-04,1.76,4.40E-04,79.999998212E-3
4.60E-04,1.76,4.60E-04,39.99999911E-3
4.80E-04,1.76,4.80E-04,79.999998212E-3
5.00E-04,1.76,5.00E-04,39.99999911E-3
5.20E-04,1.8,5.20E-04,39.99999911E-3
5.40E-04,1.8,5.40E-04,39.99999911E-3
5.60E-04,1.76,5.60E-04,79.999998212E-3
5.80E-04,1.8,5.80E-04,39.99999911E-3
6.00E-04,1.76,6.00E-04,39.99999911E-3
6.20E-04,1.76,6.20E-04,79.999998212E-3
6.40E-04,1.8,6.40E-04,79.999998212E-3
6.60E-04,1.76,6.60E-04,39.99999911E-3
6.80E-04,1.76,6.80E-04,79.999998212E-3
7.00E-04,1.76,7.00E-04,79.999998212E-3
7.20E-04,1.8399999,7.20E-04,39.99999911E-3
7.40E-04,1.76,7.40E-04,79.999998212E-3
7.60E-04,1.76,7.60E-04,79.999998212E-3
7.80E-04,1.8,7.80E-04,79.999998212E-3
8.00E-04,1.8,8.00E-04,39.99999911E-3
8.20E-04,1.8,8.20E-04,119.9999973E-3
8.40E-04,1.8,8.40E-04,79.999998212E-3
8.60E-04,1.8399999,8.60E-04,39.99999911E-3
8.80E-04,1.8399999,8.80E-04,79.999998212E-3
9.00E-04,1.8,9.00E-04,79.999998212E-3
9.20E-04,1.8,9.20E-04,79.999998212E-3
9.40E-04,1.8399999,9.40E-04,79.999998212E-3
9.60E-04,1.8399999,9.60E-04,39.99999911E-3
9.80E-04,1.8399999,9.80E-04,79.999998212E-3
1.00E-03,1.8399999,1.00E-03,79.999998212E-3
1.02E-03,1.8,1.02E-03,79.999998212E-3
1.04E-03,1.8399999,1.04E-03,39.99999911E-3
1.06E-03,1.88,1.06E-03,79.999998212E-3
1.08E-03,1.8399999,1.08E-03,79.999998212E-3
1.10E-03,1.88,1.10E-03,79.999998212E-3
1.12E-03,1.8399999,1.12E-03,79.999998212E-3
1.14E-03,1.8399999,1.14E-03,119.9999973E-3
1.16E-03,1.8399999,1.16E-03,79.999998212E-3
1.18E-03,1.8399999,1.18E-03,79.999998212E-3
1.20E-03,1.8399999,1.20E-03,79.999998212E-3
1.22E-03,1.88,1.22E-03,79.999998212E-3
1.24E-03,1.88,1.24E-03,119.9999973E-3
1.26E-03,1.8399999,1.26E-03,119.9999973E-3
1.28E-03,1.88,1.28E-03,79.999998212E-3
1.30E-03,1.88,1.30E-03,79.999998212E-3
1.32E-03,1.88,1.32E-03,79.999998212E-3
1.34E-03,1.88,1.34E-03,79.999998212E-3
1.36E-03,1.88,1.36E-03,119.9999973E-3
1.38E-03,1.92,1.38E-03,119.9999973E-3
1.40E-03,1.88,1.40E-03,79.999998212E-3
1.42E-03,1.88,1.42E-03,79.999998212E-3
1.44E-03,1.88,1.44E-03,119.9999973E-3
1.46E-03,1.88,1.46E-03,79.999998212E-3
1.48E-03,1.92,1.48E-03,79.999998212E-3
1.50E-03,1.88,1.50E-03,79.999998212E-3
1.52E-03,1.92,1.52E-03,119.9999973E-3
1.54E-03,1.92,1.54E-03,79.999998212E-3
1.56E-03,1.92,1.56E-03,79.999998212E-3
1.58E-03,1.92,1.58E-03,79.999998212E-3
1.60E-03,1.92,1.60E-03,79.999998212E-3
1.62E-03,1.9599999,1.62E-03,79.999998212E-3
1.64E-03,1.92,1.64E-03,119.9999973E-3
1.66E-03,1.92,1.66E-03,119.9999973E-3
1.68E-03,1.92,1.68E-03,119.9999973E-3
1.70E-03,1.92,1.70E-03,119.9999973E-3
1.72E-03,1.9599999,1.72E-03,79.999998212E-3
1.74E-03,1.92,1.74E-03,79.999998212E-3
1.76E-03,1.92,1.76E-03,119.9999973E-3
1.78E-03,1.9599999,1.78E-03,119.9999973E-3
1.80E-03,1.9599999,1.80E-03,119.9999973E-3
1.82E-03,1.92,1.82E-03,119.9999973E-3
1.84E-03,2,1.84E-03,79.999998212E-3
1.86E-03,2,1.86E-03,79.999998212E-3
1.88E-03,1.9599999,1.88E-03,119.9999973E-3
1.90E-03,1.9599999,1.90E-03,79.999998212E-3
1.92E-03,1.9599999,1.92E-03,119.9999973E-3
1.94E-03,1.9599999,1.94E-03,119.9999973E-3
1.96E-03,1.9599999,1.96E-03,119.9999973E-3
1.98E-03,1.9599999,1.98E-03,119.9999973E-3
2.00E-03,2,2.00E-03,119.9999973E-3
2.02E-03,1.9599999,2.02E-03,119.9999973E-3
2.04E-03,2,2.04E-03,119.9999973E-3
2.06E-03,2,2.06E-03,119.9999973E-3
2.08E-03,2,2.08E-03,119.9999973E-3
2.10E-03,2.04,2.10E-03,119.9999973E-3
2.12E-03,2,2.12E-03,119.9999973E-3
2.14E-03,2.04,2.14E-03,79.999998212E-3
2.16E-03,1.9599999,2.16E-03,119.9999973E-3
2.18E-03,2,2.18E-03,119.9999973E-3
2.20E-03,2,2.20E-03,119.9999973E-3
2.22E-03,2,2.22E-03,119.9999973E-3
2.24E-03,2,2.24E-03,79.999998212E-3
2.26E-03,2.04,2.26E-03,119.9999973E-3
2.28E-03,2,2.28E-03,119.9999973E-3
2.30E-03,2.04,2.30E-03,119.9999973E-3
2.32E-03,2,2.32E-03,119.9999973E-3
2.34E-03,2.04,2.34E-03,119.9999973E-3
2.36E-03,2.04,2.36E-03,119.9999973E-3
2.38E-03,2.04,2.38E-03,119.9999973E-3
2.40E-03,2.04,2.40E-03,119.9999973E-3
2.42E-03,2,2.42E-03,119.9999973E-3
2.44E-03,2.04,2.44E-03,119.9999973E-3
2.46E-03,2.0799999,2.46E-03,119.9999973E-3
2.48E-03,2.0799999,2.48E-03,119.9999973E-3
2.50E-03,2,2.50E-03,119.9999973E-3
2.52E-03,2.04,2.52E-03,119.9999973E-3
2.54E-03,2.0799999,2.54E-03,119.9999973E-3
2.56E-03,2.0799999,2.56E-03,119.9999973E-3
2.58E-03,2.0799999,2.58E-03,119.9999973E-3
2.60E-03,2.04,2.60E-03,119.9999973E-3
2.62E-03,2.04,2.62E-03,159.99999642E-3
2.64E-03,2.04,2.64E-03,119.9999973E-3
2.66E-03,2.0799999,2.66E-03,119.9999973E-3
2.68E-03,2.0799999,2.68E-03,119.9999973E-3
2.70E-03,2.0799999,2.70E-03,159.99999642E-3
2.72E-03,2.0799999,2.72E-03,119.9999973E-3
2.74E-03,2.0799999,2.74E-03,159.99999642E-3
2.76E-03,2.0799999,2.76E-03,119.9999973E-3
2.78E-03,2.0799999,2.78E-03,119.9999973E-3
2.80E-03,2.0799999,2.80E-03,119.9999973E-3
2.82E-03,2.0799999,2.82E-03,159.99999642E-3
2.84E-03,2.0799999,2.84E-03,119.9999973E-3
2.86E-03,2.0799999,2.86E-03,159.99999642E-3
2.88E-03,2.1199999,2.88E-03,119.9999973E-3
2.90E-03,2.0799999,2.90E-03,159.99999642E-3
2.92E-03,2.0799999,2.92E-03,159.99999642E-3
2.94E-03,2.1199999,2.94E-03,119.9999973E-3
2.96E-03,2.1599998,2.96E-03,119.9999973E-3
2.98E-03,2.1199999,2.98E-03,119.9999973E-3
3.00E-03,2.0799999,3.00E-03,159.99999642E-3
3.02E-03,2.1599998,3.02E-03,119.9999973E-3
3.04E-03,2.1199999,3.04E-03,159.99999642E-3
3.06E-03,2.1199999,3.06E-03,159.99999642E-3
3.08E-03,2.1199999,3.08E-03,159.99999642E-3
3.10E-03,2.1199999,3.10E-03,159.99999642E-3
3.12E-03,2.1599998,3.12E-03,119.9999973E-3
3.14E-03,2.1199999,3.14E-03,159.99999642E-3
3.16E-03,2.1199999,3.16E-03,159.99999642E-3
3.18E-03,2.1599998,3.18E-03,119.9999973E-3
3.20E-03,2.1199999,3.20E-03,119.9999973E-3
3.22E-03,2.1199999,3.22E-03,159.99999642E-3
3.24E-03,2.2,3.24E-03,159.99999642E-3
3.26E-03,2.1599998,3.26E-03,159.99999642E-3
3.28E-03,2.1599998,3.28E-03,159.99999642E-3
3.30E-03,2.1599998,3.30E-03,159.99999642E-3
3.32E-03,2.1199999,3.32E-03,159.99999642E-3
3.34E-03,2.1599998,3.34E-03,159.99999642E-3
3.36E-03,2.1599998,3.36E-03,159.99999642E-3
3.38E-03,2.2,3.38E-03,159.99999642E-3
3.40E-03,2.2,3.40E-03,119.9999973E-3
3.42E-03,2.1599998,3.42E-03,159.99999642E-3
3.44E-03,2.1599998,3.44E-03,159.99999642E-3
3.46E-03,2.1199999,3.46E-03,199.99998808E-3
3.48E-03,2.2,3.48E-03,159.99999642E-3
3.50E-03,2.2,3.50E-03,159.99999642E-3
3.52E-03,2.2,3.52E-03,159.99999642E-3
3.54E-03,2.24,3.54E-03,199.99998808E-3
3.56E-03,2.2,3.56E-03,199.99998808E-3
3.58E-03,2.1599998,3.58E-03,199.99998808E-3
3.60E-03,2.2,3.60E-03,159.99999642E-3
3.62E-03,2.2,3.62E-03,199.99998808E-3
3.64E-03,2.24,3.64E-03,199.99998808E-3
3.66E-03,2.24,3.66E-03,199.99998808E-3
3.68E-03,2.24,3.68E-03,199.99998808E-3
3.70E-03,2.24,3.70E-03,199.99998808E-3
3.72E-03,2.2,3.72E-03,239.99999464E-3
3.74E-03,2.2,3.74E-03,199.99998808E-3
3.76E-03,2.24,3.76E-03,159.99999642E-3
3.78E-03,2.24,3.78E-03,199.99998808E-3
3.80E-03,2.24,3.80E-03,199.99998808E-3
3.82E-03,2.28,3.82E-03,159.99999642E-3
3.84E-03,2.28,3.84E-03,239.99999464E-3
3.86E-03,2.24,3.86E-03,199.99998808E-3
3.88E-03,2.24,3.88E-03,199.99998808E-3
3.90E-03,2.24,3.90E-03,199.99998808E-3
3.92E-03,2.24,3.92E-03,199.99998808E-3
3.94E-03,2.28,3.94E-03,239.99999464E-3
3.96E-03,2.28,3.96E-03,239.99999464E-3
3.98E-03,2.24,3.98E-03,239.99999464E-3
4.00E-03,2.24,4.00E-03,239.99999464E-3
4.02E-03,2.24,4.02E-03,239.99999464E-3
4.04E-03,2.28,4.04E-03,239.99999464E-3
4.06E-03,2.28,4.06E-03,239.99999464E-3
4.08E-03,2.28,4.08E-03,239.99999464E-3
4.10E-03,2.24,4.10E-03,280.00000119E-3
4.12E-03,2.28,4.12E-03,239.99999464E-3
4.14E-03,2.28,4.14E-03,239.99999464E-3
4.16E-03,2.3199999,4.16E-03,239.99999464E-3
4.18E-03,2.28,4.18E-03,280.00000119E-3
4.20E-03,2.3199999,4.20E-03,280.00000119E-3
4.22E-03,2.3199999,4.22E-03,280.00000119E-3
4.24E-03,2.3199999,4.24E-03,280.00000119E-3
4.26E-03,2.3199999,4.26E-03,239.99999464E-3
4.28E-03,2.3199999,4.28E-03,319.99999285E-3
4.30E-03,2.3199999,4.30E-03,280.00000119E-3
4.32E-03,2.3199999,4.32E-03,280.00000119E-3
4.34E-03,2.3199999,4.34E-03,319.99999285E-3
4.36E-03,2.3199999,4.36E-03,280.00000119E-3
4.38E-03,2.3199999,4.38E-03,319.99999285E-3
4.40E-03,2.3199999,4.40E-03,280.00000119E-3
4.42E-03,2.28,4.42E-03,319.99999285E-3
4.44E-03,2.3599999,4.44E-03,319.99999285E-3
4.46E-03,2.3599999,4.46E-03,280.00000119E-3
4.48E-03,2.3199999,4.48E-03,319.99999285E-3
4.50E-03,2.28,4.50E-03,359.99998450E-3
4.52E-03,2.3599999,4.52E-03,319.99999285E-3
4.54E-03,2.3199999,4.54E-03,319.99999285E-3
4.56E-03,2.3199999,4.56E-03,359.99998450E-3
4.58E-03,2.3599999,4.58E-03,319.99999285E-3
4.60E-03,2.3599999,4.60E-03,359.99998450E-3
4.62E-03,2.3199999,4.62E-03,359.99998450E-3
4.64E-03,2.3199999,4.64E-03,359.99998450E-3
4.66E-03,2.3599999,4.66E-03,359.99998450E-3
4.68E-03,2.3199999,4.68E-03,359.99998450E-3
4.70E-03,2.3599999,4.70E-03,359.99998450E-3
4.72E-03,2.3999999,4.72E-03,319.99999285E-3
4.74E-03,2.2,4.74E-03,319.99999285E-3
4.76E-03,2.3999999,4.76E-03,359.99998450E-3
4.78E-03,2.3999999,4.78E-03,359.99998450E-3
4.80E-03,2.4400001,4.80E-03,399.99997616E-3
4.82E-03,2.3999999,4.82E-03,399.99997616E-3
4.84E-03,2.3999999,4.84E-03,359.99998450E-3
4.86E-03,2.3999999,4.86E-03,399.99997616E-3
4.88E-03,2.3999999,4.88E-03,399.99997616E-3
4.90E-03,2.3599999,4.90E-03,399.99997616E-3
4.92E-03,2.3599999,4.92E-03,399.99997616E-3
4.94E-03,2.3599999,4.94E-03,439.999997616E-3
4.96E-03,2.3999999,4.96E-03,399.99997616E-3
4.98E-03,2.3999999,4.98E-03,399.99997616E-3
5.00E-03,2.4400001,5.00E-03,399.99997616E-3
5.02E-03,2.4400001,5.02E-03,399.99997616E-3
5.04E-03,2.3999999,5.04E-03,399.99997616E-3
5.06E-03,2.4400001,5.06E-03,439.999997616E-3
5.08E-03,2.3999999,5.08E-03,439.999997616E-3
5.10E-03,2.3999999,5.10E-03,399.99997616E-3
5.12E-03,2.3999999,5.12E-03,479.999989271E-3
5.14E-03,2.3999999,5.14E-03,439.999997616E-3
5.16E-03,2.4400001,5.16E-03,439.999997616E-3
5.18E-03,2.4400001,5.18E-03,439.999997616E-3
5.20E-03,2.4400001,5.20E-03,399.99997616E-3
5.22E-03,2.3999999,5.22E-03,479.999989271E-3
5.24E-03,2.4400001,5.24E-03,479.999989271E-3
5.26E-03,2.3999999,5.26E-03,439.999997616E-3
5.28E-03,2.4400001,5.28E-03,439.999997616E-3
5.30E-03,2.48,5.30E-03,439.999997616E-3
5.32E-03,2.4400001,5.32E-03,439.999997616E-3
5.34E-03,2.4400001,5.34E-03,479.999989271E-3
5.36E-03,2.48,5.36E-03,479.999989271E-3
5.38E-03,2.4400001,5.38E-03,439.999997616E-3
5.40E-03,2.4400001,5.40E-03,439.999997616E-3
5.42E-03,2.48,5.42E-03,439.999997616E-3
5.44E-03,2.48,5.44E-03,479.999989271E-3
5.46E-03,2.3999999,5.46E-03,479.999989271E-3
5.48E-03,2.52,5.48E-03,479.999989271E-3
5.50E-03,2.48,5.50E-03,439.999997616E-3
5.52E-03,2.48,5.52E-03,479.999989271E-3
5.54E-03,2.48,5.54E-03,479.999989271E-3
5.56E-03,2.3999999,5.56E-03,439.999997616E-3
5.58E-03,2.48,5.58E-03,479.999989271E-3
5.60E-03,2.48,5.60E-03,439.999997616E-3
5.62E-03,2.52,5.62E-03,439.999997616E-3
5.64E-03,2.48,5.64E-03,439.999997616E-3
5.66E-03,2.48,5.66E-03,439.999997616E-3
5.68E-03,2.52,5.68E-03,439.999997616E-3
5.70E-03,2.52,5.70E-03,439.999997616E-3
5.72E-03,2.52,5.72E-03,439.999997616E-3
5.74E-03,2.52,5.74E-03,479.999989271E-3
5.76E-03,2.52,5.76E-03,439.999997616E-3
5.78E-03,2.52,5.78E-03,439.999997616E-3
5.80E-03,2.52,5.80E-03,439.999997616E-3
5.82E-03,2.52,5.82E-03,439.999997616E-3
5.84E-03,2.5599999,5.84E-03,479.999989271E-3
5.86E-03,2.52,5.86E-03,479.999989271E-3
5.88E-03,2.5599999,5.88E-03,479.999989271E-3
5.90E-03,2.5599999,5.90E-03,439.999997616E-3
5.92E-03,2.52,5.92E-03,479.999989271E-3
5.94E-03,2.52,5.94E-03,439.999997616E-3
5.96E-03,2.5599999,5.96E-03,479.999989271E-3
5.98E-03,2.5599999,5.98E-03,479.999989271E-3
6.00E-03,2.52,6.00E-03,439.999997616E-3
6.02E-03,2.5999999,6.02E-03,439.999997616E-3
6.04E-03,2.5999999,6.04E-03,439.999997616E-3
6.06E-03,2.5599999,6.06E-03,439.999997616E-3
6.08E-03,2.5599999,6.08E-03,439.999997616E-3
6.10E-03,2.5599999,6.10E-03,439.999997616E-3
6.12E-03,2.5599999,6.12E-03,479.999989271E-3
6.14E-03,2.52,6.14E-03,479.999989271E-3
6.16E-03,2.5999999,6.16E-03,439.999997616E-3
6.18E-03,2.5599999,6.18E-03,479.999989271E-3
6.20E-03,2.5999999,6.20E-03,439.999997616E-3
6.22E-03,2.5999999,6.22E-03,439.999997616E-3
6.24E-03,2.5999999,6.24E-03,439.999997616E-3
6.26E-03,2.5999999,6.26E-03,479.999989271E-3
6.28E-03,2.5599999,6.28E-03,479.999989271E-3
6.30E-03,2.5999999,6.30E-03,439.999997616E-3
6.32E-03,2.6399999,6.32E-03,439.999997616E-3
6.34E-03,2.5999999,6.34E-03,439.999997616E-3
6.36E-03,2.5599999,6.36E-03,479.999989271E-3
6.38E-03,2.5999999,6.38E-03,439.999997616E-3
6.40E-03,2.5999999,6.40E-03,479.999989271E-3
6.42E-03,2.5999999,6.42E-03,479.999989271E-3
6.44E-03,2.5999999,6.44E-03,479.999989271E-3
6.46E-03,2.6399999,6.46E-03,479.999989271E-3
6.48E-03,2.6399999,6.48E-03,479.999989271E-3
6.50E-03,2.5999999,6.50E-03,479.999989271E-3
6.52E-03,2.5999999,6.52E-03,479.999989271E-3
6.54E-03,2.6399999,6.54E-03,479.999989271E-3
6.56E-03,2.6399999,6.56E-03,479.999989271E-3
6.58E-03,2.5999999,6.58E-03,479.999989271E-3
6.60E-03,2.6399999,6.60E-03,479.999989271E-3
6.62E-03,2.6399999,6.62E-03,479.999989271E-3
6.64E-03,2.5999999,6.64E-03,479.999989271E-3
6.66E-03,2.6799998,6.66E-03,479.999989271E-3
6.68E-03,2.6399999,6.68E-03,479.999989271E-3
6.70E-03,2.6799998,6.70E-03,519.999980927E-3
6.72E-03,2.6399999,6.72E-03,479.999989271E-3
6.74E-03,2.6399999,6.74E-03,479.999989271E-3
6.76E-03,2.72000003,6.76E-03,479.999989271E-3
6.78E-03,2.6399999,6.78E-03,479.999989271E-3
6.80E-03,2.6399999,6.80E-03,479.999989271E-3
6.82E-03,2.6799998,6.82E-03,519.999980927E-3
6.84E-03,2.6799998,6.84E-03,479.999989271E-3
6.86E-03,2.6799998,6.86E-03,519.999980927E-3
6.88E-03,2.72000003,6.88E-03,479.999989271E-3
6.90E-03,2.6799998,6.90E-03,479.999989271E-3
6.92E-03,2.6799998,6.92E-03,519.999980927E-3
6.94E-03,2.6799998,6.94E-03,519.999980927E-3
6.96E-03,2.6799998,6.96E-03,519.999980927E-3
6.98E-03,2.6799998,6.98E-03,519.999980927E-3
7.00E-03,2.75999999,7.00E-03,519.999980927E-3
7.02E-03,2.6799998,7.02E-03,560.000002384E-3
7.04E-03,2.6799998,7.04E-03,560.000002384E-3
7.06E-03,2.6799998,7.06E-03,560.000002384E-3
7.08E-03,2.72000003,7.08E-03,560.000002384E-3
7.10E-03,2.72000003,7.10E-03,519.999980927E-3
7.12E-03,2.72000003,7.12E-03,519.999980927E-3
7.14E-03,2.5999999,7.14E-03,560.000002384E-3
7.16E-03,2.75999999,7.16E-03,599.999964237E-3
7.18E-03,2.6799998,7.18E-03,599.999964237E-3
7.20E-03,2.6799998,7.20E-03,599.999964237E-3
7.22E-03,2.72000003,7.22E-03,599.999964237E-3
7.24E-03,2.6799998,7.24E-03,599.999964237E-3
7.26E-03,2.75999999,7.26E-03,599.999964237E-3
7.28E-03,2.75999999,7.28E-03,599.999964237E-3
7.30E-03,2.75999999,7.30E-03,599.999964237E-3
7.32E-03,2.75999999,7.32E-03,599.999964237E-3
7.34E-03,2.75999999,7.34E-03,599.999964237E-3
7.36E-03,2.75999999,7.36E-03,639.999985695E-3
7.38E-03,2.72000003,7.38E-03,639.999985695E-3
7.40E-03,2.72000003,7.40E-03,639.999985695E-3
7.42E-03,2.79999995,7.42E-03,639.999985695E-3
7.44E-03,2.79999995,7.44E-03,680.000007153E-3
7.46E-03,2.79999995,7.46E-03,639.999985695E-3
7.48E-03,2.72000003,7.48E-03,719.999969006E-3
7.50E-03,2.75999999,7.50E-03,680.000007153E-3
7.52E-03,2.79999995,7.52E-03,680.000007153E-3
7.54E-03,2.79999995,7.54E-03,680.000007153E-3
7.56E-03,2.75999999,7.56E-03,680.000007153E-3
7.58E-03,2.79999995,7.58E-03,719.999969006E-3
7.60E-03,2.75999999,7.60E-03,759.999990463E-3
7.62E-03,2.75999999,7.62E-03,759.999990463E-3
7.64E-03,2.79999995,7.64E-03,719.999969006E-3
7.66E-03,2.79999995,7.66E-03,759.999990463E-3
7.68E-03,2.83999991,7.68E-03,759.999990463E-3
7.70E-03,2.79999995,7.70E-03,799.999952316E-3
7.72E-03,2.75999999,7.72E-03,759.999990463E-3
7.74E-03,2.75999999,7.74E-03,799.999952316E-3
7.76E-03,2.79999995,7.76E-03,799.999952316E-3
7.78E-03,2.83999991,7.78E-03,799.999952316E-3
7.80E-03,2.79999995,7.80E-03,799.999952316E-3
7.82E-03,2.79999995,7.82E-03,799.999952316E-3
7.84E-03,2.79999995,7.84E-03,799.999952316E-3
7.86E-03,2.79999995,7.86E-03,839.999973774E-3
7.88E-03,2.79999995,7.88E-03,839.999973774E-3
7.90E-03,2.83999991,7.90E-03,839.999973774E-3
7.92E-03,2.79999995,7.92E-03,839.999973774E-3
7.94E-03,2.83999991,7.94E-03,879.999995232E-3
7.96E-03,2.83999991,7.96E-03,879.999995232E-3
7.98E-03,2.79999995,7.98E-03,879.999995232E-3
8.00E-03,2.83999991,8.00E-03,879.999995232E-3
8.02E-03,2.83999991,8.02E-03,919.999957085E-3
8.04E-03,2.87999988,8.04E-03,879.999995232E-3
8.06E-03,2.87999988,8.06E-03,879.999995232E-3
8.08E-03,2.83999991,8.08E-03,879.999995232E-3
8.10E-03,2.83999991,8.10E-03,919.999957085E-3
8.12E-03,2.83999991,8.12E-03,919.999957085E-3
8.14E-03,2.87999988,8.14E-03,919.999957085E-3
8.16E-03,2.83999991,8.16E-03,959.999978542E-3
8.18E-03,2.87999988,8.18E-03,959.999978542E-3
8.20E-03,2.87999988,8.20E-03,959.999978542E-3
8.22E-03,2.87999988,8.22E-03,959.999978542E-3
8.24E-03,2.83999991,8.24E-03,959.999978542E-3
8.26E-03,2.87999988,8.26E-03,959.999978542E-3
8.28E-03,2.87999988,8.28E-03,959.999978542E-3
8.30E-03,2.87999988,8.30E-03,1
8.32E-03,2.87999988,8.32E-03,1
8.34E-03,2.87999988,8.34E-03,1
8.36E-03,2.87999988,8.36E-03,1
8.38E-03,2.87999988,8.38E-03,1
8.40E-03,2.87999988,8.40E-03,1
8.42E-03,2.87999988,8.42E-03,1.04
8.44E-03,2.91999984,8.44E-03,1.04
8.46E-03,2.91999984,8.46E-03,1
8.48E-03,2.87999988,8.48E-03,1.04
8.50E-03,2.91999984,8.50E-03,1
8.52E-03,2.87999988,8.52E-03,1.04
8.54E-03,2.91999984,8.54E-03,1.04
8.56E-03,2.91999984,8.56E-03,1.04
8.58E-03,2.91999984,8.58E-03,1.04
8.60E-03,2.87999988,8.60E-03,1.0799999
8.62E-03,2.91999984,8.62E-03,1.0799999
8.64E-03,2.87999988,8.64E-03,1.0799999
8.66E-03,2.96000004,8.66E-03,1.04
8.68E-03,2.91999984,8.68E-03,1.04
8.70E-03,2.96000004,8.70E-03,1.04
8.72E-03,2.96000004,8.72E-03,1.04
8.74E-03,2.91999984,8.74E-03,1.0799999
8.76E-03,2.96000004,8.76E-03,1.04
8.78E-03,3,8.78E-03,1.0799999
8.80E-03,2.96000004,8.80E-03,1.0799999
8.82E-03,2.96000004,8.82E-03,1.0799999
8.84E-03,2.96000004,8.84E-03,1.04
8.86E-03,3,8.86E-03,1.04
8.88E-03,3,8.88E-03,1.04
8.90E-03,2.96000004,8.90E-03,1.0799999
8.92E-03,2.96000004,8.92E-03,1.04
8.94E-03,2.96000004,8.94E-03,1.0799999
8.96E-03,2.96000004,8.96E-03,1.04
8.98E-03,3,8.98E-03,1.04
9.00E-03,3,9.00E-03,1.04
9.02E-03,3,9.02E-03,1.0799999
9.04E-03,3,9.04E-03,1.0799999
9.06E-03,3.03999996,9.06E-03,1.04
9.08E-03,3,9.08E-03,1.04
9.10E-03,2.96000004,9.10E-03,1.04
9.12E-03,3,9.12E-03,1.04
9.14E-03,3.03999996,9.14E-03,1.04
9.16E-03,3,9.16E-03,1.0799999
9.18E-03,3,9.18E-03,1.04
9.20E-03,2.96000004,9.20E-03,1.0799999
9.22E-03,3,9.22E-03,1.04
9.24E-03,3,9.24E-03,1.04
9.26E-03,3,9.26E-03,1.0799999
9.28E-03,3.03999996,9.28E-03,1.04
9.30E-03,3.03999996,9.30E-03,1.04
9.32E-03,3,9.32E-03,1.0799999
9.34E-03,3,9.34E-03,1.04
9.36E-03,3,9.36E-03,1.04
9.38E-03,3.07999992,9.38E-03,1
9.40E-03,3.07999992,9.40E-03,1
9.42E-03,3.03999996,9.42E-03,1.04
9.44E-03,3.03999996,9.44E-03,1
9.46E-03,3.07999992,9.46E-03,1.04
9.48E-03,3.07999992,9.48E-03,1.04
9.50E-03,3.03999996,9.50E-03,1.04
9.52E-03,3,9.52E-03,1.04
9.54E-03,3.07999992,9.54E-03,1
9.56E-03,3.07999992,9.56E-03,1
9.58E-03,3.07999992,9.58E-03,1
9.60E-03,3.07999992,9.60E-03,1.04
9.62E-03,3.07999992,9.62E-03,1.04
9.64E-03,3.07999992,9.64E-03,1
9.66E-03,3.07999992,9.66E-03,1
9.68E-03,3.07999992,9.68E-03,1
9.70E-03,3.07999992,9.70E-03,1
9.72E-03,3.11999989,9.72E-03,1
9.74E-03,3.07999992,9.74E-03,1
9.76E-03,3.07999992,9.76E-03,1.04
9.78E-03,3.11999989,9.78E-03,1
9.80E-03,3.07999992,9.80E-03,1
9.82E-03,3.11999989,9.82E-03,1
9.84E-03,3.11999989,9.84E-03,959.999978542E-3
9.86E-03,3.07999992,9.86E-03,1
9.88E-03,3.11999989,9.88E-03,1
9.90E-03,3.11999989,9.90E-03,1
9.92E-03,3.11999989,9.92E-03,1
9.94E-03,3.11999989,9.94E-03,1
9.96E-03,3.11999989,9.96E-03,959.999978542E-3
9.98E-03,3.07999992,9.98E-03,1
1.00E-02,3.11999989,1.00E-02,1.04
1.00E-02,3.11999989,1.00E-02,1
1.00E-02,3.11999989,1.00E-02,959.999978542E-3
1.01E-02,3.11999989,1.01E-02,1.04
1.01E-02,3.11999989,1.01E-02,1.04
1.01E-02,3.11999989,1.01E-02,1
1.01E-02,3.15999985,1.01E-02,1
1.01E-02,3.11999989,1.01E-02,1
1.02E-02,3.11999989,1.02E-02,1.04
1.02E-02,3.19999981,1.02E-02,1.04
1.02E-02,3.15999985,1.02E-02,1
1.02E-02,3.15999985,1.02E-02,1.04
1.02E-02,3.15999985,1.02E-02,1
1.03E-02,3.11999989,1.03E-02,1.04
1.03E-02,3.15999985,1.03E-02,1.04
1.03E-02,3.15999985,1.03E-02,1.04
1.03E-02,3.19999981,1.03E-02,1.04
1.03E-02,3.19999981,1.03E-02,1.04
1.04E-02,3.15999985,1.04E-02,1.04
1.04E-02,3.15999985,1.04E-02,1.04
1.04E-02,3.15999985,1.04E-02,1.04
1.04E-02,3.15999985,1.04E-02,1.0799999
1.04E-02,3.19999981,1.04E-02,1.0799999
1.05E-02,3.19999981,1.05E-02,1.04
1.05E-02,3.19999981,1.05E-02,1.0799999
1.05E-02,3.19999981,1.05E-02,1.0799999
1.05E-02,3.19999981,1.05E-02,1.12
1.05E-02,3.19999981,1.05E-02,1.12
1.06E-02,3.24000001,1.06E-02,1.0799999
1.06E-02,3.24000001,1.06E-02,1.0799999
1.06E-02,3.19999981,1.06E-02,1.12
1.06E-02,3.19999981,1.06E-02,1.12
1.06E-02,3.24000001,1.06E-02,1.12
1.07E-02,3.27999997,1.07E-02,1.12
1.07E-02,3.24000001,1.07E-02,1.16
1.07E-02,3.24000001,1.07E-02,1.16
1.07E-02,3.24000001,1.07E-02,1.16
1.07E-02,3.24000001,1.07E-02,1.1999999
1.08E-02,3.24000001,1.08E-02,1.1999999
1.08E-02,3.24000001,1.08E-02,1.1999999
1.08E-02,3.27999997,1.08E-02,1.1999999
1.08E-02,3.27999997,1.08E-02,1.24
1.08E-02,3.24000001,1.08E-02,1.24
1.09E-02,3.24000001,1.09E-02,1.28
1.09E-02,3.27999997,1.09E-02,1.28
1.09E-02,3.24000001,1.09E-02,1.28
1.09E-02,3.27999997,1.09E-02,1.28
1.09E-02,3.24000001,1.09E-02,1.3199999
1.10E-02,3.24000001,1.10E-02,1.3199999
1.10E-02,3.24000001,1.10E-02,1.36
1.10E-02,3.27999997,1.10E-02,1.36
1.10E-02,3.27999997,1.10E-02,1.3199999
1.10E-02,3.27999997,1.10E-02,1.36
1.11E-02,3.27999997,1.11E-02,1.4
1.11E-02,3.27999997,1.11E-02,1.4
1.11E-02,3.27999997,1.11E-02,1.4
1.11E-02,3.27999997,1.11E-02,1.4
1.11E-02,3.27999997,1.11E-02,1.4
1.12E-02,3.31999993,1.12E-02,1.48
1.12E-02,3.27999997,1.12E-02,1.48
1.12E-02,3.31999993,1.12E-02,1.48
1.12E-02,3.31999993,1.12E-02,1.48
1.12E-02,3.31999993,1.12E-02,1.48
1.13E-02,3.3599999,1.13E-02,1.48
1.13E-02,3.31999993,1.13E-02,1.52
1.13E-02,3.31999993,1.13E-02,1.52
1.13E-02,3.31999993,1.13E-02,1.5599999
1.13E-02,3.3599999,1.13E-02,1.5599999
1.14E-02,3.31999993,1.14E-02,1.5599999
1.14E-02,3.31999993,1.14E-02,1.5599999
1.14E-02,3.27999997,1.14E-02,1.64
1.14E-02,3.31999993,1.14E-02,1.64
1.14E-02,3.31999993,1.14E-02,1.64
1.15E-02,3.27999997,1.15E-02,1.64
1.15E-02,3.3599999,1.15E-02,1.6799999
1.15E-02,3.3599999,1.15E-02,1.64
1.15E-02,3.31999993,1.15E-02,1.6799999
1.15E-02,3.39999986,1.15E-02,1.6799999
1.16E-02,3.3599999,1.16E-02,1.7199999
1.16E-02,3.3599999,1.16E-02,1.7199999
1.16E-02,3.27999997,1.16E-02,1.76
1.16E-02,3.3599999,1.16E-02,1.7199999
1.16E-02,3.39999986,1.16E-02,1.76
1.17E-02,3.3599999,1.17E-02,1.76
1.17E-02,3.3599999,1.17E-02,1.76
1.17E-02,3.3599999,1.17E-02,1.76
1.17E-02,3.39999986,1.17E-02,1.76
1.17E-02,3.3599999,1.17E-02,1.8399999
1.18E-02,3.39999986,1.18E-02,1.8
1.18E-02,3.3599999,1.18E-02,1.8399999
1.18E-02,3.48000002,1.18E-02,1.8
1.18E-02,3.3599999,1.18E-02,1.88
1.18E-02,3.39999986,1.18E-02,1.88
1.19E-02,3.39999986,1.19E-02,1.88
1.19E-02,3.3599999,1.19E-02,1.88
1.19E-02,3.39999986,1.19E-02,1.88
1.19E-02,3.3599999,1.19E-02,1.88
1.19E-02,3.3599999,1.19E-02,1.88
1.20E-02,3.43999982,1.20E-02,1.88
1.20E-02,3.39999986,1.20E-02,1.92
1.20E-02,3.39999986,1.20E-02,1.92
1.20E-02,3.43999982,1.20E-02,1.88
1.20E-02,3.39999986,1.20E-02,1.92
1.21E-02,3.43999982,1.21E-02,1.92
1.21E-02,3.48000002,1.21E-02,1.92
1.21E-02,3.48000002,1.21E-02,1.92
1.21E-02,3.43999982,1.21E-02,1.92
1.21E-02,3.43999982,1.21E-02,1.92
1.22E-02,3.43999982,1.22E-02,1.92
1.22E-02,3.43999982,1.22E-02,1.9599999
1.22E-02,3.43999982,1.22E-02,1.9599999
1.22E-02,3.43999982,1.22E-02,1.92
1.22E-02,3.48000002,1.22E-02,1.9599999
1.23E-02,3.48000002,1.23E-02,1.9599999
1.23E-02,3.43999982,1.23E-02,1.9599999
1.23E-02,3.48000002,1.23E-02,1.9599999
1.23E-02,3.48000002,1.23E-02,1.92
1.23E-02,3.43999982,1.23E-02,1.9599999
1.24E-02,3.48000002,1.24E-02,1.92
1.24E-02,3.48000002,1.24E-02,1.9599999
1.24E-02,3.48000002,1.24E-02,1.9599999
1.24E-02,3.48000002,1.24E-02,1.9599999
1.24E-02,3.48000002,1.24E-02,1.9599999
1.25E-02,3.39999986,1.25E-02,1.9599999
1.25E-02,3.48000002,1.25E-02,1.92
1.25E-02,3.48000002,1.25E-02,1.92
1.25E-02,3.48000002,1.25E-02,1.9599999
1.25E-02,3.48000002,1.25E-02,1.92
1.26E-02,3.48000002,1.26E-02,1.92
1.26E-02,3.48000002,1.26E-02,1.92
1.26E-02,3.48000002,1.26E-02,1.92
1.26E-02,3.48000002,1.26E-02,1.92
1.26E-02,3.48000002,1.26E-02,1.88
1.27E-02,3.48000002,1.27E-02,1.92
1.27E-02,3.51999998,1.27E-02,1.88
1.27E-02,3.48000002,1.27E-02,1.88
1.27E-02,3.48000002,1.27E-02,1.92
1.27E-02,3.51999998,1.27E-02,1.88
1.28E-02,3.48000002,1.28E-02,1.92
1.28E-02,3.51999998,1.28E-02,1.88
1.28E-02,3.51999998,1.28E-02,1.8399999
1.28E-02,3.55999994,1.28E-02,1.8399999
1.28E-02,3.55999994,1.28E-02,1.8399999
1.29E-02,3.51999998,1.29E-02,1.88
1.29E-02,3.51999998,1.29E-02,1.8399999
1.29E-02,3.51999998,1.29E-02,1.88
1.29E-02,3.51999998,1.29E-02,1.8
1.29E-02,3.51999998,1.29E-02,1.8399999
1.30E-02,3.55999994,1.30E-02,1.8
1.30E-02,3.55999994,1.30E-02,1.8399999
1.30E-02,3.55999994,1.30E-02,1.8399999
1.30E-02,3.55999994,1.30E-02,1.8
1.30E-02,3.51999998,1.30E-02,1.8
1.31E-02,3.55999994,1.31E-02,1.8
1.31E-02,3.55999994,1.31E-02,1.8
1.31E-02,3.55999994,1.31E-02,1.8
1.31E-02,3.55999994,1.31E-02,1.8
1.31E-02,3.55999994,1.31E-02,1.8
1.32E-02,3.55999994,1.32E-02,1.76
1.32E-02,3.5999999,1.32E-02,1.76
1.32E-02,3.51999998,1.32E-02,1.76
1.32E-02,3.55999994,1.32E-02,1.76
1.32E-02,3.5999999,1.32E-02,1.76
1.33E-02,3.55999994,1.33E-02,1.76
1.33E-02,3.5999999,1.33E-02,1.76
1.33E-02,3.5999999,1.33E-02,1.7199999
1.33E-02,3.5999999,1.33E-02,1.76
1.33E-02,3.55999994,1.33E-02,1.7199999
1.34E-02,3.55999994,1.34E-02,1.76
1.34E-02,3.5999999,1.34E-02,1.7199999
1.34E-02,3.5999999,1.34E-02,1.6799999
1.34E-02,3.63999987,1.34E-02,1.7199999
1.34E-02,3.63999987,1.34E-02,1.7199999
1.35E-02,3.5999999,1.35E-02,1.7199999
1.35E-02,3.5999999,1.35E-02,1.7199999
1.35E-02,3.5999999,1.35E-02,1.7199999
1.35E-02,3.5999999,1.35E-02,1.76
1.35E-02,3.63999987,1.35E-02,1.7199999
1.36E-02,3.63999987,1.36E-02,1.7199999
1.36E-02,3.63999987,1.36E-02,1.7199999
1.36E-02,3.63999987,1.36E-02,1.7199999
1.36E-02,3.63999987,1.36E-02,1.7199999
1.36E-02,3.63999987,1.36E-02,1.76
1.37E-02,3.63999987,1.37E-02,1.7199999
1.37E-02,3.67999983,1.37E-02,1.7199999
1.37E-02,3.5999999,1.37E-02,1.7199999
1.37E-02,3.63999987,1.37E-02,1.76
1.37E-02,3.67999983,1.37E-02,1.7199999
1.38E-02,3.67999983,1.38E-02,1.76
1.38E-02,3.63999987,1.38E-02,1.76
1.38E-02,3.67999983,1.38E-02,1.7199999
1.38E-02,3.63999987,1.38E-02,1.76
1.38E-02,3.72000003,1.38E-02,1.76
1.39E-02,3.67999983,1.39E-02,1.76
1.39E-02,3.67999983,1.39E-02,1.76
1.39E-02,3.72000003,1.39E-02,1.76
1.39E-02,3.67999983,1.39E-02,1.76
1.39E-02,3.67999983,1.39E-02,1.76
1.40E-02,3.67999983,1.40E-02,1.8
1.40E-02,3.67999983,1.40E-02,1.8
1.40E-02,3.67999983,1.40E-02,1.8
1.40E-02,3.72000003,1.40E-02,1.8
1.40E-02,3.72000003,1.40E-02,1.8
1.41E-02,3.72000003,1.41E-02,1.8399999
1.41E-02,3.67999983,1.41E-02,1.8399999
1.41E-02,3.67999983,1.41E-02,1.8399999
1.41E-02,3.72000003,1.41E-02,1.88
1.41E-02,3.72000003,1.41E-02,1.88
1.42E-02,3.72000003,1.42E-02,1.88
1.42E-02,3.72000003,1.42E-02,1.88
1.42E-02,3.75999999,1.42E-02,1.92
1.42E-02,3.75999999,1.42E-02,1.92
1.42E-02,3.72000003,1.42E-02,1.92
1.43E-02,3.72000003,1.43E-02,2
1.43E-02,3.72000003,1.43E-02,1.9599999
1.43E-02,3.75999999,1.43E-02,2
1.43E-02,3.72000003,1.43E-02,2
1.43E-02,3.75999999,1.43E-02,2
1.44E-02,3.75999999,1.44E-02,2
1.44E-02,3.75999999,1.44E-02,2.04
1.44E-02,3.75999999,1.44E-02,2.0799999
1.44E-02,3.75999999,1.44E-02,2.0799999
1.44E-02,3.72000003,1.44E-02,2.1199999
1.45E-02,3.75999999,1.45E-02,2.1199999
1.45E-02,3.79999995,1.45E-02,2.1199999
1.45E-02,3.75999999,1.45E-02,2.1599998
1.45E-02,3.75999999,1.45E-02,2.1599998
1.45E-02,3.75999999,1.45E-02,2.2
1.46E-02,3.75999999,1.46E-02,2.2
1.46E-02,3.75999999,1.46E-02,2.24
1.46E-02,3.75999999,1.46E-02,2.24
1.46E-02,3.75999999,1.46E-02,2.28
1.46E-02,3.79999995,1.46E-02,2.24
1.47E-02,3.75999999,1.47E-02,2.3199999
1.47E-02,3.79999995,1.47E-02,2.3199999
1.47E-02,3.79999995,1.47E-02,2.3199999
1.47E-02,3.79999995,1.47E-02,2.3599999
1.47E-02,3.79999995,1.47E-02,2.3999999
1.48E-02,3.79999995,1.48E-02,2.3999999
1.48E-02,3.79999995,1.48E-02,2.3999999
1.48E-02,3.79999995,1.48E-02,2.4400001
1.48E-02,3.79999995,1.48E-02,2.4400001
1.48E-02,3.83999991,1.48E-02,2.48
1.49E-02,3.79999995,1.49E-02,2.52
1.49E-02,3.79999995,1.49E-02,2.52
1.49E-02,3.83999991,1.49E-02,2.52
1.49E-02,3.79999995,1.49E-02,2.5599999
1.49E-02,3.75999999,1.49E-02,2.5999999
1.50E-02,3.79999995,1.50E-02,2.5599999
1.50E-02,3.87999988,1.50E-02,2.5599999
1.50E-02,3.83999991,1.50E-02,2.6399999
1.50E-02,3.83999991,1.50E-02,2.6399999
1.50E-02,3.83999991,1.50E-02,2.6799998
1.51E-02,3.83999991,1.51E-02,2.6799998
1.51E-02,3.87999988,1.51E-02,2.6799998
1.51E-02,3.87999988,1.51E-02,2.72000003
1.51E-02,3.87999988,1.51E-02,2.75999999
1.51E-02,3.83999991,1.51E-02,2.75999999
1.52E-02,3.79999995,1.52E-02,2.79999995
1.52E-02,3.87999988,1.52E-02,2.79999995
1.52E-02,3.83999991,1.52E-02,2.79999995
1.52E-02,3.87999988,1.52E-02,2.79999995
1.52E-02,3.83999991,1.52E-02,2.83999991
1.53E-02,3.87999988,1.53E-02,2.83999991
1.53E-02,3.87999988,1.53E-02,2.87999988
1.53E-02,3.87999988,1.53E-02,2.87999988
1.53E-02,3.87999988,1.53E-02,2.87999988
1.53E-02,3.87999988,1.53E-02,2.87999988
1.54E-02,3.87999988,1.54E-02,2.91999984
1.54E-02,3.91999984,1.54E-02,2.91999984
1.54E-02,3.87999988,1.54E-02,2.91999984
1.54E-02,3.91999984,1.54E-02,2.96000004
1.54E-02,3.87999988,1.54E-02,2.96000004
1.55E-02,3.91999984,1.55E-02,2.96000004
1.55E-02,3.87999988,1.55E-02,3
1.55E-02,3.87999988,1.55E-02,3
1.55E-02,3.91999984,1.55E-02,3
1.55E-02,3.91999984,1.55E-02,3.03999996
1.56E-02,3.87999988,1.56E-02,3.03999996
1.56E-02,3.87999988,1.56E-02,3.03999996
1.56E-02,3.87999988,1.56E-02,3.03999996
1.56E-02,3.91999984,1.56E-02,3.03999996
1.56E-02,3.91999984,1.56E-02,3.03999996
1.57E-02,3.91999984,1.57E-02,3
1.57E-02,3.9599998,1.57E-02,3
1.57E-02,4,1.57E-02,3
1.57E-02,3.91999984,1.57E-02,3.03999996
1.57E-02,3.9599998,1.57E-02,3.03999996
1.58E-02,3.9599998,1.58E-02,3.03999996
1.58E-02,3.9599998,1.58E-02,3.03999996
1.58E-02,4,1.58E-02,3.03999996
1.58E-02,3.9599998,1.58E-02,3.03999996
1.58E-02,3.9599998,1.58E-02,3.03999996
1.59E-02,3.9599998,1.59E-02,3.03999996
1.59E-02,3.9599998,1.59E-02,3.03999996
1.59E-02,3.9599998,1.59E-02,3.07999992
1.59E-02,3.9599998,1.59E-02,3.03999996
1.59E-02,3.9599998,1.59E-02,3.03999996
1.60E-02,3.9599998,1.60E-02,3.03999996
1.60E-02,3.9599998,1.60E-02,3
1.60E-02,4,1.60E-02,3.03999996
1.60E-02,3.9599998,1.60E-02,3.03999996
1.60E-02,4,1.60E-02,3
1.61E-02,4,1.61E-02,3
1.61E-02,3.9599998,1.61E-02,3.03999996
1.61E-02,3.9599998,1.61E-02,3.03999996
1.61E-02,4,1.61E-02,3.03999996
1.61E-02,3.9599998,1.61E-02,3
1.62E-02,4.03999996,1.62E-02,3
1.62E-02,4,1.62E-02,3
1.62E-02,3.9599998,1.62E-02,3
1.62E-02,4,1.62E-02,2.96000004
1.62E-02,4.03999996,1.62E-02,3
1.63E-02,4,1.63E-02,3
1.63E-02,4.03999996,1.63E-02,2.96000004
1.63E-02,3.9599998,1.63E-02,2.91999984
1.63E-02,4.03999996,1.63E-02,2.91999984
1.63E-02,4.03999996,1.63E-02,2.91999984
1.64E-02,4.03999996,1.64E-02,2.91999984
1.64E-02,4,1.64E-02,2.91999984
1.64E-02,4.03999996,1.64E-02,2.91999984
1.64E-02,4.03999996,1.64E-02,2.87999988
1.64E-02,4.03999996,1.64E-02,2.87999988
1.65E-02,4.03999996,1.65E-02,2.87999988
1.65E-02,4.07999992,1.65E-02,2.83999991
1.65E-02,4.07999992,1.65E-02,2.83999991
1.65E-02,4.03999996,1.65E-02,2.87999988
1.65E-02,4.03999996,1.65E-02,2.83999991
1.66E-02,4.03999996,1.66E-02,2.87999988
1.66E-02,4.07999992,1.66E-02,2.79999995
1.66E-02,4.03999996,1.66E-02,2.83999991
1.66E-02,4.07999992,1.66E-02,2.79999995
1.66E-02,4.07999992,1.66E-02,2.83999991
1.67E-02,4.03999996,1.67E-02,2.83999991
1.67E-02,4.07999992,1.67E-02,2.79999995
1.67E-02,4.07999992,1.67E-02,2.79999995
1.67E-02,4.07999992,1.67E-02,2.79999995
1.67E-02,4.07999992,1.67E-02,2.75999999
1.68E-02,4.11999989,1.68E-02,2.75999999
1.68E-02,4.07999992,1.68E-02,2.75999999
1.68E-02,4.11999989,1.68E-02,2.75999999
1.68E-02,4.07999992,1.68E-02,2.72000003
1.68E-02,4.15999985,1.68E-02,2.72000003
1.69E-02,4.11999989,1.69E-02,2.75999999
1.69E-02,4.07999992,1.69E-02,2.72000003
1.69E-02,4.11999989,1.69E-02,2.72000003
1.69E-02,4.11999989,1.69E-02,2.6799998
1.69E-02,4.07999992,1.69E-02,2.72000003
1.70E-02,4.07999992,1.70E-02,2.72000003
1.70E-02,4.07999992,1.70E-02,2.75999999
1.70E-02,4.11999989,1.70E-02,2.72000003
1.70E-02,4.11999989,1.70E-02,2.6799998
1.70E-02,4.15999985,1.70E-02,2.6799998
1.71E-02,4.07999992,1.71E-02,2.72000003
1.71E-02,4.15999985,1.71E-02,2.72000003
1.71E-02,4.15999985,1.71E-02,2.6799998
1.71E-02,4.15999985,1.71E-02,2.6799998
1.71E-02,4.15999985,1.71E-02,2.6799998
1.72E-02,4.15999985,1.72E-02,2.72000003
1.72E-02,4.15999985,1.72E-02,2.72000003
1.72E-02,4.15999985,1.72E-02,2.6799998
1.72E-02,4.15999985,1.72E-02,2.6799998
1.72E-02,4.15999985,1.72E-02,2.72000003
1.73E-02,4.15999985,1.73E-02,2.6799998
1.73E-02,4.15999985,1.73E-02,2.6799998
1.73E-02,4.15999985,1.73E-02,2.72000003
1.73E-02,4.15999985,1.73E-02,2.72000003
1.73E-02,4.15999985,1.73E-02,2.75999999
1.74E-02,4.11999989,1.74E-02,2.75999999
1.74E-02,4.15999985,1.74E-02,2.75999999
1.74E-02,4.19999981,1.74E-02,2.72000003
1.74E-02,4.15999985,1.74E-02,2.75999999
1.74E-02,4.19999981,1.74E-02,2.75999999
1.75E-02,4.19999981,1.75E-02,2.75999999
1.75E-02,4.19999981,1.75E-02,2.79999995
1.75E-02,4.19999981,1.75E-02,2.79999995
1.75E-02,4.23999977,1.75E-02,2.75999999
1.75E-02,4.23999977,1.75E-02,2.79999995
1.76E-02,4.19999981,1.76E-02,2.83999991
1.76E-02,4.19999981,1.76E-02,2.83999991
1.76E-02,4.23999977,1.76E-02,2.79999995
1.76E-02,4.23999977,1.76E-02,2.79999995
1.76E-02,4.19999981,1.76E-02,2.87999988
1.77E-02,4.19999981,1.77E-02,2.87999988
1.77E-02,4.19999981,1.77E-02,2.91999984
1.77E-02,4.23999977,1.77E-02,2.91999984
1.77E-02,4.27999973,1.77E-02,2.91999984
1.77E-02,4.23999977,1.77E-02,2.91999984
1.78E-02,4.19999981,1.78E-02,2.96000004
1.78E-02,4.23999977,1.78E-02,2.96000004
1.78E-02,4.23999977,1.78E-02,3
1.78E-02,4.19999981,1.78E-02,3.03999996
1.78E-02,4.19999981,1.78E-02,3.03999996
1.79E-02,4.27999973,1.79E-02,3.03999996
1.79E-02,4.31999969,1.79E-02,3.03999996
1.79E-02,4.27999973,1.79E-02,3.07999992
1.79E-02,4.19999981,1.79E-02,3.15999985
1.79E-02,4.23999977,1.79E-02,3.11999989
1.80E-02,4.27999973,1.80E-02,3.15999985
1.80E-02,4.27999973,1.80E-02,3.15999985
1.80E-02,4.27999973,1.80E-02,3.19999981
1.80E-02,4.23999977,1.80E-02,3.24000001
1.80E-02,4.27999973,1.80E-02,3.24000001
1.81E-02,4.27999973,1.81E-02,3.27999997
1.81E-02,4.27999973,1.81E-02,3.27999997
1.81E-02,4.27999973,1.81E-02,3.3599999
1.81E-02,4.27999973,1.81E-02,3.31999993
1.81E-02,4.27999973,1.81E-02,3.39999986
1.82E-02,4.31999969,1.82E-02,3.3599999
1.82E-02,4.31999969,1.82E-02,3.39999986
1.82E-02,4.27999973,1.82E-02,3.43999982
1.82E-02,4.27999973,1.82E-02,3.48000002
1.82E-02,4.31999969,1.82E-02,3.48000002
1.83E-02,4.27999973,1.83E-02,3.51999998
1.83E-02,4.27999973,1.83E-02,3.51999998
1.83E-02,4.31999969,1.83E-02,3.55999994
1.83E-02,4.31999969,1.83E-02,3.55999994
1.83E-02,4.36000013,1.83E-02,3.5999999
1.84E-02,4.31999969,1.84E-02,3.63999987
1.84E-02,4.31999969,1.84E-02,3.63999987
1.84E-02,4.31999969,1.84E-02,3.72000003
1.84E-02,4.31999969,1.84E-02,3.72000003
1.84E-02,4.36000013,1.84E-02,3.72000003
1.85E-02,4.31999969,1.85E-02,3.75999999
1.85E-02,4.27999973,1.85E-02,3.75999999
1.85E-02,4.36000013,1.85E-02,3.83999991
1.85E-02,4.31999969,1.85E-02,3.83999991
1.85E-02,4.4000001,1.85E-02,3.83999991
1.86E-02,4.36000013,1.86E-02,3.87999988
1.86E-02,4.36000013,1.86E-02,3.91999984
1.86E-02,4.36000013,1.86E-02,3.9599998
1.86E-02,4.36000013,1.86E-02,3.9599998
1.86E-02,4.4000001,1.86E-02,4
1.87E-02,4.36000013,1.87E-02,4
1.87E-02,4.4000001,1.87E-02,4.03999996
1.87E-02,4.36000013,1.87E-02,4.07999992
1.87E-02,4.36000013,1.87E-02,4.07999992
1.87E-02,4.36000013,1.87E-02,4.07999992
1.88E-02,4.44000006,1.88E-02,4.07999992
1.88E-02,4.4000001,1.88E-02,4.11999989
1.88E-02,4.36000013,1.88E-02,4.19999981
1.88E-02,4.36000013,1.88E-02,4.15999985
1.88E-02,4.4000001,1.88E-02,4.19999981
1.89E-02,4.4000001,1.89E-02,4.19999981
1.89E-02,4.4000001,1.89E-02,4.19999981
1.89E-02,4.4000001,1.89E-02,4.23999977
1.89E-02,4.36000013,1.89E-02,4.27999973
1.89E-02,4.4000001,1.89E-02,4.23999977
1.90E-02,4.44000006,1.90E-02,4.27999973
1.90E-02,4.44000006,1.90E-02,4.23999977
1.90E-02,4.44000006,1.90E-02,4.31999969
1.90E-02,4.44000006,1.90E-02,4.31999969
1.90E-02,4.36000013,1.90E-02,4.31999969
1.91E-02,4.4000001,1.91E-02,4.31999969
1.91E-02,4.4000001,1.91E-02,4.36000013
1.91E-02,4.44000006,1.91E-02,4.36000013
1.91E-02,4.44000006,1.91E-02,4.36000013
1.91E-02,4.44000006,1.91E-02,4.36000013
1.92E-02,4.44000006,1.92E-02,4.36000013
1.92E-02,4.44000006,1.92E-02,4.4000001
1.92E-02,4.44000006,1.92E-02,4.4000001
1.92E-02,4.44000006,1.92E-02,4.4000001
1.92E-02,4.44000006,1.92E-02,4.4000001
1.93E-02,4.48000002,1.93E-02,4.4000001
1.93E-02,4.44000006,1.93E-02,4.44000006
1.93E-02,4.55999994,1.93E-02,4.44000006
1.93E-02,4.44000006,1.93E-02,4.44000006
1.93E-02,4.44000006,1.93E-02,4.44000006
1.94E-02,4.44000006,1.94E-02,4.44000006
1.94E-02,4.48000002,1.94E-02,4.4000001
1.94E-02,4.48000002,1.94E-02,4.4000001
1.94E-02,4.48000002,1.94E-02,4.44000006
1.94E-02,4.48000002,1.94E-02,4.44000006
1.95E-02,4.48000002,1.95E-02,4.44000006
1.95E-02,4.44000006,1.95E-02,4.44000006
1.95E-02,4.51999998,1.95E-02,4.4000001
1.95E-02,4.44000006,1.95E-02,4.4000001
1.95E-02,4.48000002,1.95E-02,4.44000006
1.96E-02,4.48000002,1.96E-02,4.4000001
1.96E-02,4.48000002,1.96E-02,4.4000001
1.96E-02,4.48000002,1.96E-02,4.4000001
1.96E-02,4.51999998,1.96E-02,4.36000013
1.96E-02,4.48000002,1.96E-02,4.36000013
1.97E-02,4.48000002,1.97E-02,4.4000001
1.97E-02,4.48000002,1.97E-02,4.36000013
1.97E-02,4.51999998,1.97E-02,4.36000013
1.97E-02,4.51999998,1.97E-02,4.31999969
1.97E-02,4.55999994,1.97E-02,4.31999969
1.98E-02,4.51999998,1.98E-02,4.36000013
1.98E-02,4.51999998,1.98E-02,4.36000013
1.98E-02,4.55999994,1.98E-02,4.27999973
1.98E-02,4.51999998,1.98E-02,4.27999973
1.98E-02,4.55999994,1.98E-02,4.31999969
1.99E-02,4.55999994,1.99E-02,4.27999973
1.99E-02,4.55999994,1.99E-02,4.23999977
1.99E-02,4.51999998,1.99E-02,4.27999973
1.99E-02,4.55999994,1.99E-02,4.23999977
1.99E-02,4.55999994,1.99E-02,4.19999981
2.00E-02,4.55999994,2.00E-02,4.23999977
2.00E-02,4.51999998,2.00E-02,4.23999977
2.00E-02,4.51999998,2.00E-02,4.19999981
2.00E-02,4.55999994,2.00E-02,4.19999981
2.00E-02,4.55999994,2.00E-02,4.19999981
2.01E-02,4.55999994,2.01E-02,4.19999981
2.01E-02,4.5999999,2.01E-02,4.11999989
2.01E-02,4.55999994,2.01E-02,4.15999985
2.01E-02,4.55999994,2.01E-02,4.11999989
2.01E-02,4.55999994,2.01E-02,4.11999989
2.02E-02,4.55999994,2.02E-02,4.11999989
2.02E-02,4.5999999,2.02E-02,4.07999992
2.02E-02,4.5999999,2.02E-02,4.07999992
2.02E-02,4.55999994,2.02E-02,4.07999992
2.02E-02,4.55999994,2.02E-02,4.07999992
2.03E-02,4.67999983,2.03E-02,4.11999989
2.03E-02,4.5999999,2.03E-02,4.07999992
2.03E-02,4.5999999,2.03E-02,4.03999996
2.03E-02,4.5999999,2.03E-02,4.03999996
2.03E-02,4.5999999,2.03E-02,4.03999996
2.04E-02,4.5999999,2.04E-02,4.03999996
2.04E-02,4.63999987,2.04E-02,4
2.04E-02,4.5999999,2.04E-02,4
2.04E-02,4.63999987,2.04E-02,4
2.04E-02,4.63999987,2.04E-02,4
2.05E-02,4.63999987,2.05E-02,3.9599998
2.05E-02,4.63999987,2.05E-02,4
2.05E-02,4.63999987,2.05E-02,4
2.05E-02,4.63999987,2.05E-02,3.9599998
2.05E-02,4.67999983,2.05E-02,3.91999984
2.06E-02,4.67999983,2.06E-02,3.9599998
2.06E-02,4.63999987,2.06E-02,3.9599998
2.06E-02,4.5999999,2.06E-02,3.9599998
2.06E-02,4.63999987,2.06E-02,3.9599998
2.06E-02,4.63999987,2.06E-02,3.9599998
2.07E-02,4.63999987,2.07E-02,3.9599998
2.07E-02,4.67999983,2.07E-02,3.91999984
2.07E-02,4.67999983,2.07E-02,3.91999984
2.07E-02,4.63999987,2.07E-02,3.91999984
2.07E-02,4.63999987,2.07E-02,3.9599998
2.08E-02,4.63999987,2.08E-02,3.9599998
2.08E-02,4.67999983,2.08E-02,3.9599998
2.08E-02,4.67999983,2.08E-02,3.9599998
2.08E-02,4.71999979,2.08E-02,3.91999984
2.08E-02,4.63999987,2.08E-02,3.9599998
2.09E-02,4.67999983,2.09E-02,3.9599998
2.09E-02,4.67999983,2.09E-02,3.9599998
2.09E-02,4.67999983,2.09E-02,3.9599998
2.09E-02,4.67999983,2.09E-02,3.9599998
2.09E-02,4.63999987,2.09E-02,3.9599998
2.10E-02,4.71999979,2.10E-02,4
2.10E-02,4.67999983,2.10E-02,4
2.10E-02,4.67999983,2.10E-02,4
2.10E-02,4.67999983,2.10E-02,4.03999996
2.10E-02,4.71999979,2.10E-02,4
2.11E-02,4.67999983,2.11E-02,4.03999996
2.11E-02,4.67999983,2.11E-02,4.07999992
2.11E-02,4.71999979,2.11E-02,4.07999992
2.11E-02,4.71999979,2.11E-02,4.07999992
2.11E-02,4.75999975,2.11E-02,4.03999996
2.12E-02,4.71999979,2.12E-02,4.07999992
2.12E-02,4.71999979,2.12E-02,4.11999989
2.12E-02,4.71999979,2.12E-02,4.11999989
2.12E-02,4.67999983,2.12E-02,4.15999985
2.12E-02,4.75999975,2.12E-02,4.15999985
2.13E-02,4.75999975,2.13E-02,4.15999985
2.13E-02,4.75999975,2.13E-02,4.15999985
2.13E-02,4.75999975,2.13E-02,4.23999977
2.13E-02,4.75999975,2.13E-02,4.23999977
2.13E-02,4.75999975,2.13E-02,4.23999977
2.14E-02,4.75999975,2.14E-02,4.27999973
2.14E-02,4.75999975,2.14E-02,4.27999973
